Category,Brand,Color,Style,Size,Total Dollars Shipped,Total Dollars Kept,Total Items Shipped,Total Items Kept,Total Feedback Given,Total Great Style,Total Poor Style,Total Poor Fit,Percent Dollars Kept,Percent Items Kept,Percent Great Style,Percent Poor Style,Percent Poor Fit
Dresses,Adrianna Papell,Red,Formal,S,2788,549,27,0,14,0,0,7,20%,0%,0%,0%,55%
Dresses,Adrianna Papell,Blue,Day,L,1419,567,14,6,6,1,0,0,40%,40%,19%,0%,0%
Dresses,Adrianna Papell,Blue,Day,M,1928,205,20,0,12,0,1,2,11%,0%,0%,10%,20%
Dresses,Adrianna Papell,Blue,Day,S,2453,838,25,9,19,1,0,0,34%,34%,6%,0%,0%
Dresses,Adrianna Papell,Blue,Day,XL,2113,588,22,6,18,0,2,0,28%,28%,0%,14%,0%
Dresses,Alice & Olivia,Red,Formal,L,17167,3929,202,46,114,22,35,1,23%,23%,19%,30%,1%
Dresses,Alice & Olivia,Red,Formal,M,8444,2632,99,31,49,15,5,1,31%,31%,30%,10%,3%
Dresses,Alice & Olivia,Red,Formal,S,4542,1692,53,20,30,9,2,1,37%,37%,29%,8%,4%
Dresses,Alice & Olivia,Red,Formal,XL,17027,3836,200,45,96,7,42,1,23%,23%,8%,44%,1%
Dresses,Alice & Olivia,Red,Day,L,8958,2790,88,28,57,21,15,1,31%,31%,37%,26%,2%
Dresses,Alice & Olivia,Red,Day,M,8909,2930,87,29,57,17,7,4,33%,33%,30%,13%,6%
Dresses,Alice & Olivia,Red,Day,S,4438,881,44,9,32,5,1,9,20%,20%,16%,4%,27%
Dresses,Alice & Olivia,Red,Day,XL,6858,1661,69,17,34,12,6,2,24%,24%,36%,18%,7%
Dresses,Alice & Olivia,Red,Evening,L,23695,8623,279,101,139,39,10,5,36%,36%,28%,7%,4%
Dresses,Alice & Olivia,Red,Evening,M,20825,6656,245,78,138,26,6,14,32%,32%,19%,4%,10%
Dresses,Alice & Olivia,Red,Evening,S,6241,2556,73,30,43,10,1,2,41%,41%,23%,3%,6%
Dresses,Alice & Olivia,Red,Evening,XL,18261,6282,215,74,119,39,26,4,34%,34%,33%,22%,3%
Dresses,Alice & Olivia,Red,Evening,XS,2476,1048,29,12,16,0,2,2,42%,42%,0%,16%,16%
Dresses,Alice & Olivia,Red,Work,L,19688,6411,232,75,135,41,41,5,33%,33%,30%,30%,4%
Dresses,Alice & Olivia,Red,Work,M,19290,6405,227,75,125,33,30,7,33%,33%,27%,24%,6%
Dresses,Alice & Olivia,Red,Work,S,7832,2555,92,30,59,28,7,1,33%,33%,48%,13%,2%
Dresses,Alice & Olivia,Red,Work,XL,13453,3505,158,41,84,23,22,6,26%,26%,28%,27%,7%
Dresses,Alice & Olivia,Black,Formal,L,4839,1553,44,14,28,1,7,5,32%,32%,4%,26%,18%
Dresses,Alice & Olivia,Black,Formal,M,3009,647,27,6,16,5,4,0,21%,21%,31%,24%,0%
Dresses,Alice & Olivia,Black,Formal,S,4775,935,43,8,20,1,4,4,20%,20%,6%,18%,18%
Dresses,Alice & Olivia,Black,Formal,XL,4849,1248,44,11,22,1,10,1,26%,26%,5%,44%,5%
Dresses,Alice & Olivia,Black,Day,L,28739,7495,328,86,181,36,31,12,26%,26%,20%,17%,7%
Dresses,Alice & Olivia,Black,Day,M,26042,7471,299,85,173,51,25,9,29%,29%,29%,14%,5%
Dresses,Alice & Olivia,Black,Day,S,9682,3242,112,37,68,16,6,10,33%,33%,24%,9%,15%
Dresses,Alice & Olivia,Black,Day,XL,16261,3930,186,45,111,15,38,1,24%,24%,13%,34%,1%
Dresses,Alice & Olivia,Black,Evening,L,9188,2274,84,21,42,7,14,2,25%,25%,18%,32%,6%
Dresses,Alice & Olivia,Black,Evening,M,9128,2846,83,26,40,7,2,2,31%,31%,18%,6%,6%
Dresses,Alice & Olivia,Black,Evening,S,1436,928,13,8,6,0,1,0,65%,65%,0%,20%,0%
Dresses,Alice & Olivia,Black,Evening,XL,3608,1227,33,11,19,4,5,0,34%,34%,20%,26%,0%
Dresses,Alice & Olivia,Silver,Formal,L,436,196,3,2,1,1,0,0,45%,45%,87%,0%,0%
Dresses,Alice & Olivia,Silver,Formal,XL,2176,463,17,4,13,1,5,0,21%,21%,9%,38%,0%
Dresses,Alice & Olivia,Silver,Day,M,1682,989,16,9,14,0,2,1,59%,59%,0%,18%,9%
Dresses,Alice & Olivia,Silver,Day,S,2270,799,22,8,8,1,2,0,35%,35%,16%,32%,0%
Dresses,Alice & Olivia,Silver,Day,XL,2263,539,22,5,15,1,2,0,24%,24%,8%,16%,0%
Dresses,Alice & Olivia,Silver,Evening,L,21400,3620,214,36,128,11,15,6,17%,17%,9%,12%,5%
Dresses,Alice & Olivia,Silver,Evening,M,16545,3850,165,38,87,16,2,9,23%,23%,19%,3%,10%
Dresses,Alice & Olivia,Silver,Evening,S,7022,871,70,9,50,5,2,7,12%,12%,10%,5%,15%
Dresses,Alice & Olivia,Silver,Evening,XL,14471,2503,145,25,87,12,15,6,17%,17%,14%,17%,7%
Dresses,Alice & Olivia,Yellow,Evening,L,14259,3594,174,43,104,22,32,1,25%,25%,21%,31%,1%
Dresses,Alice & Olivia,Yellow,Evening,M,11986,3378,145,41,85,15,15,4,28%,28%,17%,17%,4%
Dresses,Alice & Olivia,Yellow,Evening,S,5620,1638,68,19,44,10,2,1,29%,29%,22%,6%,3%
Dresses,Alice & Olivia,Yellow,Evening,XL,11442,1839,139,22,77,10,35,1,16%,16%,13%,45%,2%
Dresses,Alice & Olivia,Blue,Evening,L,25185,6802,295,80,156,33,21,7,27%,27%,21%,13%,5%
Dresses,Alice & Olivia,Blue,Evening,M,15591,4643,182,54,109,26,7,9,30%,30%,24%,7%,8%
Dresses,Alice & Olivia,Blue,Evening,S,7343,2584,86,30,46,11,5,7,35%,35%,24%,11%,16%
Dresses,Alice & Olivia,Blue,Evening,XL,14370,3454,168,41,91,18,17,2,24%,24%,20%,19%,3%
Dresses,Alice & Olivia,Blue,Day,S,111,100,1,1,4,0,0,0,90%,90%,0%,0%,0%
Dresses,Alice & Olivia,Blue,Day,XL,515,116,5,1,8,0,0,0,23%,23%,0%,0%,0%
Dresses,Alice & Olivia,Orange,Evening,L,29951,6741,315,71,189,39,10,23,23%,22%,21%,5%,12%
Dresses,Alice & Olivia,Orange,Evening,M,24234,5159,254,54,145,35,6,25,21%,21%,24%,4%,17%
Dresses,Alice & Olivia,Orange,Evening,S,8078,2183,85,23,57,10,4,16,27%,27%,17%,7%,28%
Dresses,Alice & Olivia,Orange,Evening,XL,11821,2993,124,32,69,16,7,9,25%,25%,23%,11%,12%
Dresses,Alice & Olivia,Orange,Formal,L,10944,2311,115,24,65,11,11,4,21%,21%,17%,17%,6%
Dresses,Alice & Olivia,Orange,Formal,M,6376,1761,67,19,48,10,6,6,28%,28%,21%,13%,13%
Dresses,Alice & Olivia,Orange,Formal,S,2116,1366,22,14,26,4,0,5,65%,65%,14%,0%,19%
Dresses,Alice & Olivia,Orange,Formal,XL,3846,856,40,9,32,5,9,1,22%,22%,15%,27%,4%
Dresses,BCBG,Red,Formal,L,20549,2319,78,9,53,5,17,1,11%,12%,9%,33%,2%
Dresses,BCBG,Red,Formal,M,19516,3475,74,13,42,7,16,0,18%,18%,18%,38%,0%
Dresses,BCBG,Red,Formal,S,8049,2264,30,9,16,2,1,1,28%,29%,16%,8%,8%
Dresses,BCBG,Red,Formal,XL,9059,2323,35,9,27,1,6,0,26%,26%,5%,23%,0%
Dresses,BCBG,Red,Day,L,3868,528,14,2,10,0,0,0,14%,14%,0%,0%,0%
Dresses,BCBG,Red,Day,M,5636,2237,21,8,13,2,0,0,40%,40%,19%,0%,0%
Dresses,BCBG,Red,Day,XL,1005,316,4,1,8,1,0,0,31%,31%,16%,0%,0%
Dresses,BCBG,Red,Evening,L,107004,10037,404,38,235,15,64,4,9%,9%,6%,27%,2%
Dresses,BCBG,Red,Evening,M,55491,8057,209,30,116,14,25,2,15%,15%,12%,21%,2%
Dresses,BCBG,Red,Evening,S,10677,1389,40,5,23,1,4,0,13%,13%,5%,16%,0%
Dresses,BCBG,Red,Work,L,7619,1792,27,6,15,1,1,1,24%,24%,8%,8%,8%
Dresses,BCBG,Red,Work,M,2619,1342,9,5,4,0,1,0,51%,51%,0%,29%,0%
Dresses,BCBG,Red,Work,S,1037,728,4,0,5,0,0,0,70%,0%,0%,0%,0%
Dresses,BCBG,Black,Formal,L,7955,2533,38,12,19,1,4,0,32%,32%,7%,20%,0%
Dresses,BCBG,Black,Formal,M,5750,1321,27,6,15,0,1,0,23%,23%,0%,8%,0%
Dresses,BCBG,Black,Formal,S,1753,1351,8,6,8,1,0,0,77%,77%,15%,0%,0%
Dresses,BCBG,Black,Formal,XL,3619,1171,17,6,13,1,5,0,32%,32%,10%,39%,0%
Dresses,BCBG,Silver,Day,L,2723,931,14,5,9,0,1,0,34%,34%,0%,13%,0%
Dresses,BCBG,Silver,Day,M,1007,208,5,1,3,1,0,0,21%,21%,40%,0%,0%
Dresses,BCBG,Silver,Day,XL,992,376,5,0,5,0,0,0,38%,0%,0%,0%,0%
Dresses,BCBG,Silver,Evening,L,504,12,2,0,5,0,1,0,2%,0%,0%,25%,0%
Dresses,BCBG,Silver,Evening,M,1396,891,5,0,8,0,0,0,64%,0%,0%,0%,0%
Dresses,BCBG,Silver,Formal,L,12432,1579,46,6,23,1,10,1,13%,13%,5%,43%,5%
Dresses,BCBG,Silver,Formal,M,13200,2648,49,10,27,4,2,2,20%,20%,14%,9%,9%
Dresses,BCBG,Silver,Formal,S,3355,642,12,2,16,1,1,0,19%,19%,8%,8%,0%
Dresses,BCBG,Blue,Day,L,6717,1497,38,9,24,1,2,0,22%,22%,5%,10%,0%
Dresses,BCBG,Blue,Day,M,2954,976,17,6,16,0,2,0,33%,33%,0%,16%,0%
Dresses,BCBG,Blue,Day,S,3162,1137,18,6,16,2,0,1,36%,36%,16%,0%,8%
Dresses,BCBG,Blue,Day,XL,6470,558,37,3,21,1,4,1,9%,9%,6%,18%,6%
Dresses,Calvin Klein,Red,Evening,L,400,195,2,1,8,0,0,0,49%,49%,0%,0%,0%
Dresses,Calvin Klein,Red,Evening,M,1022,393,6,2,4,1,0,0,38%,38%,31%,0%,0%
Dresses,Calvin Klein,Red,Evening,S,6996,863,38,5,26,1,2,2,12%,12%,5%,9%,9%
Dresses,Calvin Klein,Red,Evening,XL,1623,1168,9,7,10,1,0,0,72%,72%,13%,0%,0%
Dresses,Calvin Klein,Green,Evening,L,6936,985,36,5,28,1,5,0,14%,14%,4%,18%,0%
Dresses,Calvin Klein,Green,Evening,M,17888,1328,92,7,51,1,15,1,7%,7%,2%,29%,2%
Dresses,Calvin Klein,Green,Evening,S,2828,89,15,0,11,1,1,1,3%,0%,12%,12%,12%
Dresses,Calvin Klein,Green,Evening,XL,3097,848,16,4,13,0,1,0,27%,27%,0%,9%,0%
Dresses,Calvin Klein,Multi,Evening,L,1338,747,7,4,14,1,0,0,56%,56%,9%,0%,0%
Dresses,Calvin Klein,Multi,Evening,S,1215,457,7,0,13,0,1,1,38%,0%,0%,10%,10%
Dresses,Calvin Klein,Multi,Evening,XL,5064,565,27,3,16,0,2,1,11%,11%,0%,15%,8%
Dresses,Calvin Klein,Silver,Evening,L,28703,7845,155,42,72,7,7,9,27%,27%,10%,10%,12%
Dresses,Calvin Klein,Silver,Evening,M,28457,7679,154,42,62,15,1,2,27%,27%,24%,2%,4%
Dresses,Calvin Klein,Silver,Evening,S,4718,1207,26,7,13,4,1,0,26%,26%,29%,10%,0%
Dresses,Calvin Klein,Silver,Evening,XL,12434,3446,67,19,47,9,10,1,28%,28%,18%,21%,3%
Dresses,Calvin Klein,Silver,Day,L,364607,80816,1973,439,1033,186,182,37,22%,22%,18%,18%,4%
Dresses,Calvin Klein,Silver,Day,M,325272,76140,1764,414,946,175,115,53,23%,23%,19%,12%,6%
Dresses,Calvin Klein,Silver,Day,S,130543,25468,709,139,380,68,37,33,20%,20%,18%,10%,9%
Dresses,Calvin Klein,Silver,Day,XL,173189,33148,940,180,511,75,154,18,19%,19%,15%,30%,4%
Dresses,Calvin Klein,Silver,Work,L,9818,2294,53,12,31,4,4,4,23%,23%,12%,12%,12%
Dresses,Calvin Klein,Silver,Work,M,8875,2993,48,16,37,10,5,2,34%,34%,27%,13%,7%
Dresses,Calvin Klein,Silver,Work,S,1376,675,7,4,6,2,0,1,49%,49%,40%,0%,20%
Dresses,Calvin Klein,Silver,Work,XL,5604,1429,30,8,21,2,1,1,26%,26%,12%,6%,6%
Dresses,Calvin Klein,Silver,Formal,L,14291,3782,77,20,44,9,5,5,26%,26%,20%,11%,11%
Dresses,Calvin Klein,Silver,Formal,M,32806,6652,177,36,108,17,21,6,20%,20%,16%,19%,6%
Dresses,Calvin Klein,Silver,Formal,S,8574,1243,46,7,26,0,4,4,15%,15%,0%,14%,14%
Dresses,Calvin Klein,Silver,Formal,XL,6438,1965,35,11,22,2,2,0,31%,31%,11%,11%,0%
Dresses,Diane von Furstenburg,Red,Formal,L,95527,29904,1195,374,658,170,86,43,31%,31%,26%,13%,7%
Dresses,Diane von Furstenburg,Red,Formal,M,97075,26187,1217,327,687,187,72,52,27%,27%,27%,10%,8%
Dresses,Diane von Furstenburg,Red,Formal,S,28663,10329,360,130,214,76,18,16,36%,36%,36%,9%,7%
Dresses,Diane von Furstenburg,Red,Formal,XL,44793,14276,553,179,286,97,51,23,32%,32%,34%,18%,8%
Dresses,Diane von Furstenburg,Red,Formal,XS,3555,1708,40,20,26,10,4,1,48%,51%,37%,14%,5%
Dresses,Diane von Furstenburg,Red,Day,L,1297,374,17,5,10,1,0,0,29%,29%,12%,0%,0%
Dresses,Diane von Furstenburg,Red,Day,M,436,148,6,2,6,0,0,0,34%,34%,0%,0%,0%
Dresses,Diane von Furstenburg,Red,Evening,L,6505,2941,77,35,45,14,6,2,45%,45%,30%,14%,6%
Dresses,Diane von Furstenburg,Red,Evening,M,4553,2029,54,24,30,6,9,0,45%,45%,21%,29%,0%
Dresses,Diane von Furstenburg,Red,Evening,S,3724,1677,44,20,22,4,5,0,45%,45%,17%,22%,0%
Dresses,Diane von Furstenburg,Red,Evening,XL,4726,1342,56,16,35,9,11,2,28%,28%,24%,31%,7%
Dresses,Diane von Furstenburg,Red,Work,L,6367,2393,75,28,51,14,7,0,38%,38%,26%,14%,0%
Dresses,Diane von Furstenburg,Red,Work,M,4299,1783,51,21,31,5,1,1,41%,41%,16%,4%,4%
Dresses,Diane von Furstenburg,Red,Work,S,3001,570,35,7,28,1,7,4,19%,19%,4%,27%,13%
Dresses,Diane von Furstenburg,Black,Formal,L,30886,10957,385,136,220,69,15,18,35%,35%,31%,7%,8%
Dresses,Diane von Furstenburg,Black,Formal,M,39639,11703,498,147,298,72,18,28,30%,29%,24%,6%,10%
Dresses,Diane von Furstenburg,Black,Formal,S,13833,4655,173,58,110,31,7,6,34%,34%,28%,7%,6%
Dresses,Diane von Furstenburg,Black,Formal,XL,18576,5783,231,72,130,35,18,11,31%,31%,27%,14%,9%
Dresses,Diane von Furstenburg,Black,Formal,XS,2951,1015,37,13,23,4,2,2,34%,35%,16%,11%,11%
Dresses,Diane von Furstenburg,Black,Day,L,9054,3516,116,45,55,17,2,1,39%,39%,31%,4%,2%
Dresses,Diane von Furstenburg,Black,Day,M,9629,2648,123,34,73,21,9,4,27%,27%,29%,12%,5%
Dresses,Diane von Furstenburg,Black,Day,S,3796,1555,49,20,26,10,6,0,41%,41%,38%,24%,0%
Dresses,Diane von Furstenburg,Black,Day,XL,3506,1825,45,23,22,10,9,0,52%,52%,45%,39%,0%
Dresses,Diane von Furstenburg,Black,Day,XS,2701,608,35,8,16,5,4,0,23%,23%,31%,23%,0%
Dresses,Diane von Furstenburg,Black,Evening,L,10068,3858,118,45,60,11,9,2,38%,38%,18%,14%,4%
Dresses,Diane von Furstenburg,Black,Evening,M,5529,2400,65,28,43,12,5,2,43%,43%,29%,11%,6%
Dresses,Diane von Furstenburg,Black,Evening,S,1273,752,15,9,19,6,0,0,59%,59%,33%,0%,0%
Dresses,Diane von Furstenburg,Black,Evening,XL,5229,1659,62,20,39,2,4,4,32%,32%,6%,9%,9%
Dresses,Diane von Furstenburg,Black,Evening,XS,1656,340,19,4,14,4,1,0,21%,21%,27%,9%,0%
Dresses,Diane von Furstenburg,Black,Work,L,8411,2285,108,29,49,5,4,4,27%,27%,10%,8%,8%
Dresses,Diane von Furstenburg,Black,Work,M,6566,1200,84,15,49,1,0,7,18%,18%,3%,0%,15%
Dresses,Diane von Furstenburg,Black,Work,S,2965,1368,38,18,12,1,0,1,46%,46%,11%,0%,11%
Dresses,Diane von Furstenburg,Black,Work,XL,3222,1043,41,13,24,1,1,2,32%,32%,5%,5%,10%
Dresses,Diane von Furstenburg,Black,Work,XS,1108,232,14,3,10,1,0,0,21%,21%,12%,0%,0%
Dresses,Diane von Furstenburg,Silver,Formal,L,6757,1686,77,19,43,7,1,2,25%,25%,17%,3%,6%
Dresses,Diane von Furstenburg,Silver,Formal,M,8426,2182,96,25,49,14,5,1,26%,26%,28%,10%,3%
Dresses,Diane von Furstenburg,Silver,Formal,S,2198,737,25,8,17,5,1,1,34%,34%,29%,7%,7%
Dresses,Diane von Furstenburg,Silver,Formal,XL,5154,1250,59,14,31,1,9,2,24%,24%,4%,28%,8%
Dresses,Diane von Furstenburg,Silver,Formal,XS,248,227,3,3,6,1,0,0,91%,91%,22%,0%,0%
Dresses,Diane von Furstenburg,Silver,Day,L,3316,790,39,9,22,2,4,0,24%,24%,11%,17%,0%
Dresses,Diane von Furstenburg,Silver,Day,M,2720,1356,32,16,16,1,4,1,50%,50%,8%,23%,8%
Dresses,Diane von Furstenburg,Silver,Day,S,1100,242,13,3,14,1,0,0,22%,22%,9%,0%,0%
Dresses,Diane von Furstenburg,Silver,Day,XL,1716,747,20,9,12,0,2,0,44%,44%,0%,21%,0%
Dresses,Diane von Furstenburg,Silver,Evening,L,6241,2251,73,26,53,9,12,2,36%,36%,16%,23%,5%
Dresses,Diane von Furstenburg,Silver,Evening,M,3353,1105,39,13,18,5,1,0,33%,33%,27%,7%,0%
Dresses,Diane von Furstenburg,Silver,Evening,S,2237,1052,26,12,16,1,2,0,47%,47%,8%,15%,0%
Dresses,Diane von Furstenburg,Silver,Evening,XL,3139,958,37,11,21,0,7,1,31%,31%,0%,35%,6%
Dresses,Diane von Furstenburg,Silver,Evening,XS,915,270,11,3,15,0,2,0,29%,29%,0%,17%,0%
Dresses,Diane von Furstenburg,Silver,Work,L,84970,24750,1000,291,502,126,43,30,29%,29%,25%,9%,6%
Dresses,Diane von Furstenburg,Silver,Work,M,100565,27642,1183,325,599,137,30,43,27%,27%,23%,5%,7%
Dresses,Diane von Furstenburg,Silver,Work,S,20299,5511,239,65,135,26,4,10,27%,27%,19%,3%,7%
Dresses,Diane von Furstenburg,Silver,Work,XL,39409,11475,464,135,231,48,33,18,29%,29%,21%,14%,8%
Dresses,Diane von Furstenburg,Blue,Formal,L,10992,3308,125,38,69,11,10,5,30%,30%,16%,14%,7%
Dresses,Diane von Furstenburg,Blue,Formal,M,6528,2633,74,30,42,7,4,0,40%,40%,17%,9%,0%
Dresses,Diane von Furstenburg,Blue,Formal,S,1177,411,13,5,8,0,0,0,35%,35%,0%,0%,0%
Dresses,Diane von Furstenburg,Blue,Formal,XL,5386,1417,61,16,36,5,9,1,26%,26%,14%,24%,3%
Dresses,Diane von Furstenburg,Blue,Formal,XS,1657,838,19,10,17,4,2,0,51%,51%,22%,15%,0%
Dresses,Diane von Furstenburg,Blue,Day,L,10686,1558,121,18,74,5,12,0,15%,15%,7%,17%,0%
Dresses,Diane von Furstenburg,Blue,Day,M,6946,1726,79,20,41,4,5,0,25%,25%,9%,12%,0%
Dresses,Diane von Furstenburg,Blue,Day,S,3039,1495,35,17,17,1,1,0,49%,49%,7%,7%,0%
Dresses,Diane von Furstenburg,Blue,Day,XL,6692,1491,76,17,43,5,2,0,22%,22%,11%,6%,0%
Dresses,Diane von Furstenburg,Blue,Day,XS,1003,290,11,3,11,1,2,0,29%,29%,11%,23%,0%
Dresses,Diane von Furstenburg,Blue,Evening,L,27741,4813,356,62,175,18,15,12,17%,17%,11%,8%,7%
Dresses,Diane von Furstenburg,Blue,Evening,M,19702,5309,253,68,139,36,9,7,27%,27%,26%,6%,5%
Dresses,Diane von Furstenburg,Blue,Evening,S,7847,1921,101,25,55,9,4,2,24%,24%,16%,7%,4%
Dresses,Diane von Furstenburg,Blue,Evening,XL,16414,3006,210,39,87,5,14,7,18%,18%,6%,16%,8%
Dresses,Diane von Furstenburg,Blue,Evening,XS,1665,944,21,12,10,2,1,0,57%,57%,24%,12%,0%
Dresses,Diane von Furstenburg,Blue,Work,L,45693,7091,586,91,299,35,18,36,16%,16%,12%,6%,12%
Dresses,Diane von Furstenburg,Blue,Work,M,41054,5297,526,68,269,30,7,37,13%,13%,11%,3%,14%
Dresses,Diane von Furstenburg,Blue,Work,S,12703,1556,163,20,88,15,4,10,12%,12%,17%,4%,11%
Dresses,Diane von Furstenburg,Blue,Work,XL,17779,2889,228,37,123,22,15,17,16%,16%,18%,12%,14%
Dresses,Diane von Furstenburg,Blue,Work,XS,975,596,13,0,12,0,1,0,61%,0%,0%,10%,0%
Dresses,Diane von Furstenburg,Orange,Formal,L,9432,2926,111,34,70,10,9,9,31%,31%,14%,12%,12%
Dresses,Diane von Furstenburg,Orange,Formal,M,9067,2563,107,30,58,12,7,4,28%,28%,21%,13%,6%
Dresses,Diane von Furstenburg,Orange,Formal,S,1936,919,23,11,16,5,4,0,47%,47%,31%,23%,0%
Dresses,Diane von Furstenburg,Orange,Formal,XL,5961,2008,70,24,46,9,5,0,34%,34%,19%,11%,0%
Dresses,Diane von Furstenburg,Orange,Formal,XS,2099,736,25,9,14,0,7,0,35%,35%,0%,53%,0%
Dresses,Diane von Furstenburg,Purple,Day,L,14402,6132,185,79,104,26,7,7,43%,43%,25%,7%,7%
Dresses,Diane von Furstenburg,Purple,Day,M,16034,5058,206,65,128,28,2,10,32%,32%,22%,2%,8%
Dresses,Diane von Furstenburg,Purple,Day,S,3549,1548,45,20,31,6,1,2,44%,44%,20%,4%,8%
Dresses,Diane von Furstenburg,Purple,Day,XL,6354,3191,81,41,46,18,5,4,50%,50%,40%,11%,8%
Dresses,Diane von Furstenburg,Purple,Day,XS,3492,1136,45,15,23,1,4,7,33%,33%,5%,16%,32%
Dresses,Diane von Furstenburg,Purple,Evening,L,6596,1759,78,21,41,9,14,1,27%,27%,21%,33%,3%
Dresses,Diane von Furstenburg,Purple,Evening,M,5414,1717,64,20,35,11,7,1,32%,32%,32%,21%,4%
Dresses,Diane von Furstenburg,Purple,Evening,S,1569,747,18,9,10,6,0,0,48%,48%,59%,0%,0%
Dresses,Diane von Furstenburg,Purple,Evening,XL,3585,1077,42,13,19,1,0,1,30%,30%,7%,0%,7%
Dresses,Diane von Furstenburg,Purple,Evening,XS,1446,361,17,4,14,0,0,2,25%,25%,0%,0%,17%
Dresses,Eliza J,Red,Formal,L,20291,5307,123,32,77,5,6,15,26%,26%,6%,8%,19%
Dresses,Eliza J,Red,Formal,M,26333,4419,160,27,99,11,6,10,17%,17%,11%,6%,10%
Dresses,Eliza J,Red,Formal,S,5851,2402,35,15,18,4,1,2,41%,41%,20%,7%,13%
Dresses,Eliza J,Red,Formal,XL,10015,2979,61,18,34,5,2,2,30%,30%,15%,7%,7%
Dresses,Eliza J,Red,Day,L,545,250,3,2,9,0,0,0,46%,46%,0%,0%,0%
Dresses,Eliza J,Red,Day,XL,1395,695,8,4,9,1,0,0,50%,50%,14%,0%,0%
Dresses,Eliza J,Red,Evening,L,43931,9899,251,57,144,18,14,12,23%,23%,13%,9%,9%
Dresses,Eliza J,Red,Evening,M,41657,7262,238,41,135,25,15,22,17%,17%,18%,11%,16%
Dresses,Eliza J,Red,Evening,S,12499,3323,71,19,50,10,2,10,27%,27%,20%,5%,20%
Dresses,Eliza J,Red,Evening,XL,21518,4944,123,28,64,15,10,7,23%,23%,23%,16%,12%
Dresses,Eliza J,Red,Work,L,26444,6322,143,34,84,11,4,4,24%,24%,13%,4%,4%
Dresses,Eliza J,Red,Work,M,33639,4883,182,26,105,7,5,7,15%,15%,7%,5%,7%
Dresses,Eliza J,Red,Work,S,11584,2244,63,12,40,6,4,2,19%,19%,16%,9%,6%
Dresses,Eliza J,Red,Work,XL,12065,2671,65,14,46,5,5,2,22%,22%,11%,11%,5%
Dresses,Eliza J,Grey,Formal,L,11371,2375,60,13,37,2,4,5,21%,21%,7%,10%,13%
Dresses,Eliza J,Grey,Formal,M,10104,3260,53,17,36,4,1,0,32%,32%,10%,3%,0%
Dresses,Eliza J,Grey,Formal,S,4922,631,26,3,21,0,1,2,13%,13%,0%,6%,12%
Dresses,Eliza J,Grey,Day,L,7177,1983,43,12,24,4,1,0,28%,28%,16%,5%,0%
Dresses,Eliza J,Grey,Day,M,19641,4556,119,28,82,15,5,7,23%,23%,18%,6%,9%
Dresses,Eliza J,Grey,Day,S,2862,896,17,5,14,2,0,0,31%,31%,18%,0%,0%
Dresses,Eliza J,Grey,Day,XL,5140,2203,31,13,18,2,4,1,43%,43%,14%,21%,7%
Dresses,Eliza J,Black,Formal,L,37007,9074,224,55,126,21,21,11,25%,25%,17%,17%,9%
Dresses,Eliza J,Black,Formal,M,42170,8456,256,51,144,28,14,15,20%,20%,20%,9%,10%
Dresses,Eliza J,Black,Formal,S,12581,3985,76,24,38,11,2,5,32%,32%,29%,6%,13%
Dresses,Eliza J,Black,Formal,XL,22022,4023,133,24,65,11,12,6,18%,18%,17%,19%,9%
Dresses,Eliza J,Black,Day,L,21435,4906,143,33,81,15,6,7,23%,23%,18%,8%,9%
Dresses,Eliza J,Black,Day,M,17677,3955,118,26,55,6,5,5,22%,22%,11%,9%,9%
Dresses,Eliza J,Black,Day,S,10523,3014,70,20,36,6,2,4,29%,29%,17%,7%,10%
Dresses,Eliza J,Black,Day,XL,23447,7181,156,48,71,17,15,6,31%,31%,24%,21%,9%
Dresses,Eliza J,Black,Evening,L,5635,339,30,2,17,1,2,1,6%,6%,7%,14%,7%
Dresses,Eliza J,Black,Evening,M,4959,786,26,4,20,0,2,1,16%,16%,0%,13%,6%
Dresses,Eliza J,Black,Evening,S,1717,463,9,0,10,0,0,0,27%,0%,0%,0%,0%
Dresses,Eliza J,Black,Evening,XL,4249,560,22,3,13,0,1,1,13%,13%,0%,9%,9%
Dresses,Eliza J,Black,Work,L,6130,3409,33,18,24,2,0,1,56%,56%,10%,0%,5%
Dresses,Eliza J,Black,Work,M,8482,2458,46,13,24,4,4,1,29%,29%,16%,16%,5%
Dresses,Eliza J,Black,Work,S,3262,793,18,4,13,2,0,0,24%,24%,19%,0%,0%
Dresses,Eliza J,Black,Work,XL,6274,1635,34,9,22,2,2,1,26%,26%,11%,11%,6%
Dresses,Eliza J,Silver,Formal,L,6390,1090,33,6,16,1,4,0,17%,17%,8%,23%,0%
Dresses,Eliza J,Silver,Formal,M,7297,1530,37,8,17,0,0,1,21%,21%,0%,0%,7%
Dresses,Eliza J,Silver,Formal,S,1754,46,9,0,5,0,0,1,3%,0%,0%,0%,23%
Dresses,Eliza J,Silver,Formal,XL,2427,1711,12,9,9,2,0,0,70%,70%,28%,0%,0%
Dresses,Eliza J,Silver,Day,L,15534,3983,82,21,39,6,6,7,26%,26%,16%,16%,19%
Dresses,Eliza J,Silver,Day,M,13037,2616,69,14,43,9,1,4,20%,20%,20%,3%,9%
Dresses,Eliza J,Silver,Day,S,1917,1383,10,7,8,0,0,0,72%,72%,0%,0%,0%
Dresses,Eliza J,Silver,Day,XL,8535,1709,45,9,26,5,2,1,20%,20%,19%,10%,5%
Dresses,Eliza J,Silver,Evening,L,5210,832,30,5,18,2,1,1,16%,16%,13%,7%,7%
Dresses,Eliza J,Silver,Evening,M,2529,780,14,4,15,2,0,4,31%,31%,16%,0%,24%
Dresses,Eliza J,Silver,Evening,S,2234,641,13,4,7,0,0,1,29%,29%,0%,0%,17%
Dresses,Eliza J,Silver,Evening,XL,3237,1278,18,7,18,4,0,0,39%,39%,21%,0%,0%
Dresses,Eliza J,Silver,Work,L,33073,4482,200,27,114,11,17,17,14%,14%,10%,15%,15%
Dresses,Eliza J,Silver,Work,M,28258,4736,171,29,93,21,5,15,17%,17%,23%,5%,16%
Dresses,Eliza J,Silver,Work,S,13142,2075,80,13,53,6,5,6,16%,16%,12%,9%,12%
Dresses,Eliza J,Silver,Work,XL,9105,3397,55,21,36,6,2,2,37%,37%,17%,7%,7%
Dresses,Eliza J,Blue,Formal,L,102200,12820,757,95,387,20,65,26,13%,13%,5%,17%,7%
Dresses,Eliza J,Blue,Formal,M,100091,8894,741,66,393,30,51,33,9%,9%,8%,13%,8%
Dresses,Eliza J,Blue,Formal,S,10524,1539,78,11,35,1,7,0,15%,15%,3%,21%,0%
Dresses,Eliza J,Blue,Formal,XL,57765,7364,428,55,223,15,33,15,13%,13%,7%,15%,7%
Dresses,Eliza J,Blue,Day,L,308798,52520,2287,389,1287,185,158,94,17%,17%,14%,12%,7%
Dresses,Eliza J,Blue,Day,M,278666,47874,2064,355,1140,160,76,143,17%,17%,14%,7%,13%
Dresses,Eliza J,Blue,Day,S,81551,11367,604,84,342,39,30,39,14%,14%,12%,9%,12%
Dresses,Eliza J,Blue,Day,XL,165974,28579,1229,212,664,84,78,65,17%,17%,13%,12%,10%
Dresses,Eliza J,Orange,Evening,L,9423,2166,57,13,38,6,1,0,23%,23%,16%,3%,0%
Dresses,Eliza J,Orange,Evening,M,12687,3381,77,20,53,11,4,4,27%,27%,21%,7%,7%
Dresses,Eliza J,Orange,Evening,S,5698,1446,35,9,26,2,1,4,25%,25%,10%,5%,14%
Dresses,Eliza J,Orange,Evening,XL,8416,1851,51,11,29,4,4,5,22%,22%,13%,13%,17%
Dresses,Eliza J,Orange,Formal,L,16595,2516,90,14,56,7,10,2,15%,15%,13%,17%,4%
Dresses,Eliza J,Orange,Formal,M,19128,2144,103,12,52,4,1,6,11%,11%,7%,2%,12%
Dresses,Eliza J,Orange,Formal,S,4827,1325,26,7,12,2,1,1,27%,27%,20%,10%,10%
Dresses,Eliza J,Orange,Formal,XL,9819,2037,53,11,27,1,4,2,21%,21%,5%,14%,9%
Dresses,Eliza J,Orange,Day,L,15522,3284,84,18,49,6,7,1,21%,21%,13%,15%,3%
Dresses,Eliza J,Orange,Day,M,17113,3001,93,16,55,7,6,2,18%,18%,13%,11%,4%
Dresses,Eliza J,Orange,Day,S,2312,274,12,0,11,0,1,1,12%,0%,0%,11%,11%
Dresses,Eliza J,Orange,Day,XL,7252,2027,39,11,28,2,2,1,28%,28%,9%,9%,4%
Dresses,Eliza J,Orange,Work,L,10528,2578,60,15,34,1,1,1,24%,24%,4%,4%,4%
Dresses,Eliza J,Orange,Work,M,10789,2409,62,14,28,5,2,1,22%,22%,18%,9%,4%
Dresses,Eliza J,Orange,Work,S,4542,1386,26,8,17,4,0,1,31%,31%,22%,0%,7%
Dresses,Eliza J,Orange,Work,XL,4495,2535,26,14,17,6,1,0,56%,56%,36%,7%,0%
Dresses,Eliza J,Purple,Formal,L,16235,5683,83,29,59,12,7,6,35%,35%,21%,12%,10%
Dresses,Eliza J,Purple,Formal,S,7566,1734,39,9,26,2,1,1,23%,23%,9%,5%,5%
Dresses,Eliza J,Purple,Formal,XL,13708,2884,70,15,40,6,4,2,21%,21%,15%,9%,6%
Dresses,Eliza J,Purple,Day,L,22013,5512,116,29,81,9,11,1,25%,25%,11%,14%,2%
Dresses,Eliza J,Purple,Day,M,21216,5160,112,27,56,9,6,2,24%,24%,16%,11%,4%
Dresses,Eliza J,Purple,Day,S,3768,1374,20,7,11,2,2,1,36%,36%,22%,22%,11%
Dresses,Eliza J,Purple,Day,XL,6513,2265,34,12,16,0,1,2,35%,35%,0%,8%,16%
Dresses,Eliza J,Purple,Evening,L,24595,4960,129,26,68,9,6,2,20%,20%,13%,9%,4%
Dresses,Eliza J,Purple,Evening,M,19044,5033,100,26,58,7,7,2,26%,26%,13%,13%,4%
Dresses,Eliza J,Purple,Evening,S,6889,1429,36,8,21,2,0,1,21%,21%,12%,0%,6%
Dresses,Eliza J,Purple,Evening,XL,13476,3271,71,17,47,5,5,1,24%,24%,11%,11%,3%
Dresses,Eliza J,Purple,Work,L,24228,6127,179,45,93,16,15,10,25%,25%,17%,16%,11%
Dresses,Eliza J,Purple,Work,M,28127,5795,208,43,114,18,10,6,21%,21%,16%,9%,5%
Dresses,Eliza J,Purple,Work,S,7289,1251,54,9,32,4,1,2,17%,17%,12%,4%,8%
Dresses,Eliza J,Purple,Work,XL,14569,3024,108,22,73,17,7,9,21%,21%,24%,10%,12%
Dresses,Felicity & coco,White,Formal,L,1467,75,9,0,2,0,0,1,5%,0%,0%,0%,70%
Dresses,Felicity & coco,White,Formal,S,2341,950,14,6,5,0,0,0,41%,41%,0%,0%,0%
Dresses,Felicity & coco,White,Formal,XL,1240,946,8,6,10,1,0,0,76%,76%,13%,0%,0%
Dresses,Felicity & coco,Orange,Day,L,1051,348,6,2,0,0,0,0,33%,33%,0%,0%,0%
Dresses,Felicity & coco,Orange,Day,XL,910,11,6,0,7,0,0,0,1%,0%,0%,0%,0%
Dresses,Jordan,White,Evening,L,4055,947,19,0,13,0,1,1,23%,0%,0%,9%,9%
Dresses,Julia,Red,Formal,L,71794,16972,274,65,127,25,18,4,24%,24%,19%,15%,3%
Dresses,Julia,Red,Formal,M,94015,17458,361,67,180,15,10,30,19%,19%,8%,5%,16%
Dresses,Julia,Red,Formal,S,47518,8270,183,32,83,5,6,12,17%,17%,6%,7%,15%
Dresses,Julia,Red,Formal,XL,96004,18407,364,70,187,21,25,12,19%,19%,11%,13%,7%
Dresses,Julia,Red,Formal,XS,7738,1880,30,7,19,2,0,0,24%,24%,13%,0%,0%
Dresses,Julia,Red,Day,L,1081,722,4,3,8,0,0,0,67%,67%,0%,0%,0%
Dresses,Julia,Red,Day,M,7603,1911,30,7,16,1,0,1,25%,25%,8%,0%,8%
Dresses,Julia,Red,Day,S,1625,1196,6,5,12,0,0,0,74%,74%,0%,0%,0%
Dresses,Julia,Red,Day,XL,2792,1499,11,6,13,1,1,0,54%,54%,10%,10%,0%
Dresses,Julia,Red,Evening,L,3195,1350,8,3,11,0,0,1,42%,42%,0%,0%,11%
Dresses,Julia,Red,Evening,M,1751,946,4,2,6,0,0,0,54%,54%,0%,0%,0%
Dresses,Julia,Red,Evening,S,3273,906,8,2,14,0,1,0,28%,28%,0%,9%,0%
Dresses,Julia,Red,Evening,XL,662,400,2,1,10,0,0,0,60%,60%,0%,0%,0%
Dresses,Julia,Red,Evening,XS,1122,830,3,0,3,0,0,1,74%,0%,0%,0%,46%
Dresses,Julia,Red,Work,L,230048,39764,882,152,438,53,137,28,17%,17%,12%,31%,6%
Dresses,Julia,Red,Work,M,197021,38743,758,149,371,52,31,36,20%,20%,14%,8%,10%
Dresses,Julia,Red,Work,S,140771,27257,539,104,285,36,52,21,19%,19%,13%,18%,7%
Dresses,Julia,Red,Work,XL,96395,16297,371,62,178,10,68,12,17%,17%,6%,38%,7%
Dresses,Julia,Red,Work,XS,51432,10366,197,40,88,5,17,9,20%,20%,6%,20%,10%
Dresses,Julia,Black,Formal,L,4776,842,19,3,13,4,1,0,18%,18%,29%,10%,0%
Dresses,Julia,Black,Formal,M,15871,4679,62,18,26,6,0,5,29%,29%,24%,0%,19%
Dresses,Julia,Black,Formal,S,13245,3456,52,14,23,5,1,1,26%,26%,21%,5%,5%
Dresses,Julia,Black,Formal,XL,5177,2123,20,8,9,2,0,4,41%,41%,29%,0%,43%
Dresses,Julia,Black,Formal,XS,4394,901,17,4,10,1,0,0,21%,21%,12%,0%,0%
Dresses,Julia,Black,Day,L,8520,1169,32,4,11,1,2,4,14%,14%,11%,22%,32%
Dresses,Julia,Black,Day,M,23143,4809,87,18,45,4,0,12,21%,21%,8%,0%,27%
Dresses,Julia,Black,Day,S,11929,3173,45,12,32,4,1,4,27%,27%,12%,4%,12%
Dresses,Julia,Black,Day,XL,2225,1513,8,6,5,0,0,0,68%,68%,0%,0%,0%
Dresses,Julia,Black,Evening,XS,3910,1039,15,4,13,0,1,1,27%,27%,0%,10%,10%
Dresses,Julia,Black,Evening,M,1111,687,4,3,3,1,0,0,62%,62%,43%,0%,0%
Dresses,Julia,Black,Evening,S,1188,455,5,2,9,0,1,0,38%,38%,0%,14%,0%
Dresses,Julia,Black,Evening,L,12147,2724,46,10,28,4,7,0,22%,23%,13%,26%,0%
Dresses,Julia,Black,Work,M,7631,1415,30,5,16,1,1,1,19%,18%,8%,8%,8%
Dresses,Julia,Black,Work,S,6140,1417,24,5,18,1,1,4,23%,23%,7%,7%,20%
Dresses,Julia,Black,Work,XL,1006,573,4,2,6,0,0,0,57%,57%,0%,0%,0%
Dresses,Julia,Black,Work,XS,1405,890,5,3,3,1,0,0,63%,63%,37%,0%,0%
Dresses,Julia,Multi,Formal,L,939,295,4,1,11,1,0,0,31%,32%,11%,0%,0%
Dresses,Julia,Multi,Formal,S,1091,311,4,1,4,0,1,0,28%,28%,0%,34%,0%
Dresses,Julia,Multi,Formal,XL,1166,913,5,0,5,0,0,0,78%,0%,0%,0%,0%
Dresses,Julia,Multi,Formal,L,2386,557,9,2,5,0,0,1,23%,23%,0%,0%,25%
Dresses,Julia,Multi,Day,M,437,41,2,0,1,0,0,0,9%,0%,0%,0%,0%
Dresses,Julia,White,Day,M,1864,828,8,3,6,1,1,1,44%,44%,22%,22%,22%
Dresses,Julia,White,Day,S,2757,935,11,0,10,0,0,1,34%,0%,0%,0%,12%
Dresses,Julia,White,Day,XS,1321,299,5,0,4,0,0,0,23%,0%,0%,0%,0%
Dresses,Julia,White,Evening,L,27923,7823,109,31,41,7,12,0,28%,28%,18%,30%,0%
Dresses,Julia,White,Evening,M,45409,12128,175,47,75,9,6,9,27%,27%,11%,8%,11%
Dresses,Julia,White,Evening,S,47918,9607,185,37,104,12,6,7,20%,20%,12%,6%,7%
Dresses,Julia,White,Evening,XL,39397,9096,153,35,84,12,9,5,23%,23%,15%,10%,6%
Dresses,Julia,White,Evening,XS,2913,1087,11,4,14,1,0,0,37%,37%,9%,0%,0%
Dresses,Julia,White,Formal,L,8291,1317,34,5,25,1,1,0,16%,16%,5%,5%,0%
Dresses,Julia,White,Formal,M,3082,582,13,2,6,0,0,1,19%,19%,0%,0%,21%
Dresses,Julia,White,Formal,S,3001,446,12,2,11,0,0,0,15%,15%,0%,0%,0%
Dresses,Julia,White,Formal,XL,5236,1397,21,6,14,1,0,0,27%,27%,9%,0%,0%
Dresses,Julia,White,Formal,XS,453,68,2,0,3,0,0,0,15%,0%,0%,0%,0%
Dresses,Lilly Pulitzer,Red,Formal,L,1962,320,16,3,11,2,0,1,16%,16%,23%,0%,12%
Dresses,Lilly Pulitzer,Red,Formal,M,4516,1356,36,11,33,1,0,7,30%,30%,4%,0%,23%
Dresses,Lilly Pulitzer,Red,Formal,S,3200,733,26,6,21,1,0,6,23%,23%,6%,0%,30%
Dresses,Lilly Pulitzer,Red,Formal,XL,716,35,6,0,2,0,0,0,5%,0%,0%,0%,0%
Dresses,Lilly Pulitzer,Red,Day,L,525,216,3,1,3,1,0,0,41%,41%,40%,0%,0%
Dresses,Lilly Pulitzer,Red,Day,M,722,224,5,1,9,0,0,0,31%,31%,0%,0%,0%
Dresses,Lilly Pulitzer,Red,Evening,L,2552,941,20,8,9,6,0,0,37%,37%,70%,0%,0%
Dresses,Lilly Pulitzer,Red,Evening,M,12436,1154,99,9,65,9,5,17,9%,9%,13%,8%,27%
Dresses,Lilly Pulitzer,Red,Evening,S,3916,1120,31,9,18,4,0,4,29%,29%,20%,0%,20%
Dresses,Lilly Pulitzer,Red,Evening,XL,1295,710,10,6,8,1,0,0,55%,55%,16%,0%,0%
Dresses,Lilly Pulitzer,Red,Work,L,2146,903,17,7,15,1,0,4,42%,42%,8%,0%,24%
Dresses,Lilly Pulitzer,Red,Work,M,8549,1944,68,16,43,5,0,11,23%,23%,12%,0%,26%
Dresses,Lilly Pulitzer,Red,Work,S,6354,1239,51,10,24,1,2,11,19%,19%,5%,10%,45%
Dresses,Lilly Pulitzer,Red,Work,XL,1312,1010,10,8,6,1,0,0,77%,77%,21%,0%,0%
Dresses,Lilly Pulitzer,Multi,Formal,M,1093,689,9,0,1,0,0,0,63%,0%,0%,0%,0%
Dresses,Lilly Pulitzer,Silver,Formal,L,8349,2278,54,15,34,2,1,4,27%,27%,7%,4%,11%
Dresses,Lilly Pulitzer,Silver,Formal,M,12302,2341,79,15,45,9,4,5,19%,19%,19%,8%,11%
Dresses,Lilly Pulitzer,Silver,Formal,S,2596,713,17,0,18,0,0,4,27%,0%,0%,0%,21%
Dresses,Lilly Pulitzer,Silver,Formal,XL,4335,950,28,6,19,1,2,1,22%,22%,7%,13%,7%
Dresses,Lilly Pulitzer,Orange,Day,L,1812,1188,14,10,11,0,0,1,66%,66%,0%,0%,11%
Dresses,Lilly Pulitzer,Orange,Day,M,894,668,7,5,3,1,0,0,75%,75%,36%,0%,0%
Dresses,Lilly Pulitzer,Orange,Evening,L,5058,1428,35,10,23,4,2,1,28%,28%,16%,11%,5%
Dresses,Lilly Pulitzer,Orange,Evening,M,11329,2764,78,19,46,10,1,2,24%,24%,21%,3%,5%
Dresses,Lilly Pulitzer,Orange,Evening,S,4868,1330,34,9,17,0,2,1,27%,27%,0%,14%,7%
Dresses,Lilly Pulitzer,Orange,Evening,XL,1026,807,7,6,6,1,0,0,79%,79%,19%,0%,0%
Dresses,Maggy London,Red,Formal,L,6908,1800,51,13,28,1,2,0,26%,26%,4%,9%,0%
Dresses,Maggy London,Red,Formal,M,4053,1112,30,8,28,0,1,1,27%,27%,0%,4%,4%
Dresses,Maggy London,Red,Formal,S,3558,1008,26,7,13,1,0,0,28%,28%,10%,0%,0%
Dresses,Maggy London,Red,Formal,XL,1888,1233,14,9,5,0,1,0,65%,65%,0%,26%,0%
Dresses,Maggy London,Red,Day,L,974,209,7,2,6,0,0,0,21%,21%,0%,0%,0%
Dresses,Maggy London,Red,Day,M,2046,951,15,0,11,0,0,1,46%,0%,0%,0%,11%
Dresses,Maggy London,Red,Day,XL,792,151,6,1,7,1,0,0,19%,19%,17%,0%,0%
Dresses,Maggy London,Red,Evening,L,15486,2768,124,22,75,11,20,0,18%,18%,15%,26%,0%
Dresses,Maggy London,Red,Evening,M,7184,2173,57,17,33,6,6,2,30%,30%,19%,19%,7%
Dresses,Maggy London,Red,Evening,S,4084,1256,33,10,27,5,5,0,31%,31%,18%,18%,0%
Dresses,Maggy London,Red,Evening,XL,7383,1425,59,11,33,2,10,0,19%,19%,7%,30%,0%
Dresses,Maggy London,Red,Evening,XS,4173,1298,33,10,20,1,5,0,31%,31%,6%,24%,0%
Dresses,Maggy London,Red,Work,L,22494,7209,180,58,94,23,17,5,32%,32%,25%,18%,5%
Dresses,Maggy London,Red,Work,M,23317,6254,187,50,109,26,16,2,27%,27%,24%,15%,2%
Dresses,Maggy London,Red,Work,S,10616,3144,85,25,49,12,5,1,30%,30%,25%,10%,3%
Dresses,Maggy London,Red,Work,XL,11552,4298,92,34,52,11,5,2,37%,37%,22%,10%,5%
Dresses,Maggy London,Red,Work,XS,1074,840,9,0,2,0,1,0,78%,0%,0%,55%,0%
Dresses,Maggy London,Red,Formal,L,14416,2508,115,20,63,6,15,0,17%,17%,10%,24%,0%
Dresses,Maggy London,Red,Formal,M,11986,2358,96,19,52,11,7,0,20%,20%,21%,14%,0%
Dresses,Maggy London,Red,Formal,S,3604,1193,29,10,14,5,2,0,33%,33%,36%,18%,0%
Dresses,Maggy London,Red,Formal,XL,8811,1432,70,11,39,5,7,2,16%,16%,13%,19%,6%
Dresses,Maggy London,Red,Day,L,39136,6516,313,52,178,27,18,11,17%,17%,15%,10%,6%
Dresses,Maggy London,Red,Day,M,26387,4267,211,34,123,15,16,10,16%,16%,12%,13%,8%
Dresses,Maggy London,Red,Day,S,8934,595,71,5,46,1,5,1,7%,7%,3%,11%,3%
Dresses,Maggy London,Red,Day,XL,24841,4208,199,34,100,11,10,5,17%,17%,11%,10%,5%
Dresses,Maggy London,Red,Evening,M,2122,508,16,0,5,0,0,1,24%,0%,0%,0%,25%
Dresses,Maggy London,Red,Evening,S,838,205,6,2,2,1,0,0,24%,24%,55%,0%,0%
Dresses,Maggy London,Red,Work,L,10472,3223,84,26,46,6,5,4,31%,31%,13%,11%,8%
Dresses,Maggy London,Red,Work,M,5990,2055,48,16,26,6,4,1,34%,34%,24%,14%,5%
Dresses,Maggy London,Red,Work,S,2445,1243,20,10,19,1,2,0,51%,51%,7%,13%,0%
Dresses,Maggy London,Red,Work,XL,7641,2261,61,18,41,5,6,1,30%,30%,12%,15%,3%
Dresses,Maggy London,Red,Work,XS,1139,253,9,2,8,1,0,0,22%,22%,15%,0%,0%
Dresses,Maggy London,Grey,Formal,L,18023,3273,97,18,55,1,0,2,18%,18%,2%,0%,4%
Dresses,Maggy London,Grey,Formal,M,8880,1741,48,9,26,0,2,5,20%,20%,0%,9%,19%
Dresses,Maggy London,Grey,Formal,S,1783,697,10,4,8,2,0,1,39%,39%,32%,0%,16%
Dresses,Maggy London,Grey,Formal,XL,8600,1554,46,8,29,2,2,2,18%,18%,8%,8%,8%
Dresses,Maggy London,Black,Day,L,25964,4182,208,33,112,15,14,1,16%,16%,13%,12%,1%
Dresses,Maggy London,Black,Day,M,14316,1778,115,14,64,2,12,2,12%,12%,4%,19%,4%
Dresses,Maggy London,Black,Day,S,6131,1039,49,8,28,4,5,1,17%,17%,13%,18%,4%
Dresses,Maggy London,Black,Day,XL,18632,2423,149,19,67,11,14,2,13%,13%,17%,20%,4%
Dresses,Maggy London,Black,Day,XS,2133,928,17,7,7,2,1,1,43%,43%,34%,17%,17%
Dresses,Maggy London,Black,Evening,L,4697,1734,38,14,15,1,2,0,37%,37%,8%,16%,0%
Dresses,Maggy London,Black,Evening,M,4405,2574,35,21,30,5,0,1,58%,58%,17%,0%,4%
Dresses,Maggy London,Black,Evening,S,5156,1434,41,11,23,2,4,0,28%,28%,11%,16%,0%
Dresses,Maggy London,Black,Evening,XL,2104,672,17,5,9,1,1,0,32%,32%,13%,13%,0%
Dresses,Maggy London,Black,Evening,XS,1508,135,12,0,10,0,0,1,9%,0%,0%,0%,13%
Dresses,Maggy London,Black,Work,L,15384,3943,114,29,65,11,4,4,26%,26%,17%,6%,6%
Dresses,Maggy London,Black,Work,M,11939,3342,88,25,52,10,2,6,28%,28%,19%,5%,12%
Dresses,Maggy London,Black,Work,S,3689,1713,27,13,17,2,0,1,46%,46%,15%,0%,7%
Dresses,Maggy London,Black,Work,XL,9146,2401,68,18,39,10,2,2,26%,26%,25%,6%,6%
Dresses,Maggy London,Black,Formal,L,30068,10364,241,83,141,38,18,9,34%,34%,27%,13%,6%
Dresses,Maggy London,Black,Formal,M,24674,8321,197,67,119,26,11,4,34%,34%,22%,9%,3%
Dresses,Maggy London,Black,Formal,S,4887,2812,39,22,24,6,1,1,58%,58%,26%,5%,5%
Dresses,Maggy London,Black,Formal,XL,20467,5471,164,44,78,15,11,9,27%,27%,19%,14%,11%
Dresses,Maggy London,Black,Formal,XS,2111,1071,17,9,13,4,0,0,51%,51%,29%,0%,0%
Dresses,Maggy London,Multi,Day,XL,1085,366,9,3,5,0,0,0,34%,34%,0%,0%,0%
Dresses,Maggy London,Multi,Evening,S,1450,250,11,2,10,1,1,0,17%,17%,12%,12%,0%
Dresses,Maggy London,Multi,Work,L,876,412,7,3,9,0,0,0,47%,47%,0%,0%,0%
Dresses,Maggy London,Multi,Work,XL,1084,449,9,4,6,0,1,0,41%,41%,0%,21%,0%
Dresses,Maggy London,White,Formal,M,597,214,4,0,10,0,0,0,36%,0%,0%,0%,0%
Dresses,Maggy London,White,Day,M,1013,173,8,1,6,0,1,0,17%,17%,0%,20%,0%
Dresses,Maggy London,White,Evening,M,510,368,4,0,3,0,0,0,72%,0%,0%,0%,0%
Dresses,Maggy London,Silver,Formal,L,13139,2718,97,20,57,4,11,0,21%,21%,6%,19%,0%
Dresses,Maggy London,Silver,Formal,M,10908,2166,81,16,56,5,6,0,20%,20%,9%,11%,0%
Dresses,Maggy London,Silver,Formal,S,4779,1177,35,9,22,1,7,0,25%,25%,6%,34%,0%
Dresses,Maggy London,Silver,Formal,XL,6193,673,46,5,34,1,6,1,11%,11%,4%,18%,4%
Dresses,Maggy London,Silver,Formal,XS,1382,630,10,5,8,0,1,0,46%,46%,0%,15%,0%
Dresses,Maggy London,Silver,Day,L,8231,2861,66,23,36,7,6,2,35%,35%,21%,17%,7%
Dresses,Maggy London,Silver,Day,M,5760,2076,46,17,32,2,4,2,36%,36%,8%,12%,8%
Dresses,Maggy London,Silver,Day,S,2342,631,19,5,16,2,1,1,27%,27%,16%,8%,8%
Dresses,Maggy London,Silver,Day,XL,4149,1805,33,14,22,5,4,0,43%,43%,22%,16%,0%
Dresses,Maggy London,Silver,Evening,L,10708,1400,86,11,44,4,2,0,13%,13%,8%,6%,0%
Dresses,Maggy London,Silver,Evening,M,7852,1031,63,8,43,2,15,1,13%,13%,6%,34%,3%
Dresses,Maggy London,Silver,Evening,S,2086,489,17,4,16,1,5,0,23%,23%,8%,31%,0%
Dresses,Maggy London,Silver,Evening,XL,8115,1390,65,11,34,4,7,1,17%,17%,11%,22%,4%
Dresses,Maggy London,Silver,Work,L,27333,6480,225,53,137,23,16,5,24%,24%,17%,12%,4%
Dresses,Maggy London,Silver,Work,M,25228,5062,205,41,118,21,7,4,20%,20%,18%,6%,3%
Dresses,Maggy London,Silver,Work,S,11867,3266,98,27,56,9,4,4,28%,27%,16%,7%,7%
Dresses,Maggy London,Silver,Work,XL,9289,2774,74,22,49,6,10,0,30%,30%,13%,20%,0%
Dresses,Maggy London,Yellow,Formal,L,15316,4696,156,48,93,17,12,0,31%,31%,19%,13%,0%
Dresses,Maggy London,Yellow,Formal,M,10718,2661,109,27,69,9,4,2,25%,25%,13%,5%,4%
Dresses,Maggy London,Yellow,Formal,S,4954,1645,51,17,38,11,0,1,33%,33%,29%,0%,3%
Dresses,Maggy London,Yellow,Formal,XL,11108,3043,113,31,72,10,16,5,27%,27%,14%,22%,7%
Dresses,Maggy London,Yellow,Day,L,6478,1487,52,12,33,2,5,0,23%,23%,8%,15%,0%
Dresses,Maggy London,Yellow,Day,M,4562,409,36,3,18,0,1,1,9%,9%,0%,7%,7%
Dresses,Maggy London,Yellow,Day,S,2462,654,20,0,8,0,4,0,27%,0%,0%,46%,0%
Dresses,Maggy London,Yellow,Day,XL,4916,1357,39,11,22,0,4,0,28%,28%,0%,17%,0%
Dresses,Maggy London,Blue,Formal,L,1852,976,15,8,10,1,0,0,53%,53%,13%,0%,0%
Dresses,Maggy London,Blue,Formal,M,2228,518,18,4,12,1,1,1,23%,23%,10%,10%,10%
Dresses,Maggy London,Blue,Formal,S,1426,1074,11,9,8,0,0,0,75%,75%,0%,0%,0%
Dresses,Maggy London,Blue,Formal,XL,5243,936,42,7,25,0,2,1,18%,18%,0%,10%,5%
Dresses,Maggy London,Blue,Day,L,1480,956,12,8,7,0,1,0,65%,65%,0%,18%,0%
Dresses,Maggy London,Blue,Day,M,1337,663,11,5,7,1,0,0,50%,50%,18%,0%,0%
Dresses,Maggy London,Blue,Day,S,2995,606,24,0,21,0,6,0,20%,0%,0%,30%,0%
Dresses,Maggy London,Blue,Day,XL,1943,626,16,5,7,1,1,0,32%,32%,18%,18%,0%
Dresses,Maggy London,Blue,Day,XS,2399,175,19,0,18,0,4,1,7%,0%,0%,21%,7%
Dresses,Maggy London,Blue,Evening,L,8081,2175,65,17,41,12,6,1,27%,27%,30%,15%,3%
Dresses,Maggy London,Blue,Evening,M,6665,2595,53,21,30,5,7,0,39%,39%,16%,25%,0%
Dresses,Maggy London,Blue,Evening,S,3683,1983,29,16,19,9,2,1,54%,54%,45%,13%,6%
Dresses,Maggy London,Blue,Evening,XL,12645,2238,101,18,58,9,18,2,18%,18%,15%,32%,4%
Dresses,Maggy London,Blue,Work,L,6305,589,50,5,32,1,2,0,9%,9%,4%,8%,0%
Dresses,Maggy London,Blue,Work,M,6768,1655,54,13,32,5,2,1,24%,24%,16%,8%,4%
Dresses,Maggy London,Blue,Work,S,1585,536,13,4,7,1,0,0,34%,34%,18%,0%,0%
Dresses,Maggy London,Blue,Work,XL,1908,686,15,5,16,1,0,1,36%,36%,8%,0%,8%
Dresses,Maggy London,Blue,Work,XS,484,345,4,3,7,0,0,0,71%,71%,0%,0%,0%
Dresses,Maggy London,Orange,Formal,L,10998,2249,88,18,34,5,4,1,20%,20%,14%,11%,4%
Dresses,Maggy London,Orange,Formal,M,6492,1410,52,11,27,5,4,1,22%,22%,18%,14%,5%
Dresses,Maggy London,Orange,Formal,S,2616,1208,21,10,12,2,1,0,46%,46%,20%,10%,0%
Dresses,Maggy London,Orange,Formal,XL,8146,683,65,5,35,5,12,1,8%,8%,14%,36%,4%
Dresses,Maggy London,Orange,Formal,XS,1377,782,11,0,6,0,0,0,57%,0%,0%,0%,0%
Dresses,Maggy London,Purple,Day,XL,724,146,5,0,11,0,0,1,20%,0%,0%,0%,11%
Dresses,Maggy London,Purple,Day,L,12202,2631,98,21,58,6,9,2,22%,22%,11%,15%,4%
Dresses,Maggy London,Purple,Day,M,6627,2164,53,17,30,7,5,0,33%,33%,24%,16%,0%
Dresses,Maggy London,Purple,Day,S,3483,1056,28,8,21,0,4,1,30%,30%,0%,18%,6%
Dresses,Maggy London,Purple,Day,XL,7893,1520,63,12,36,4,6,5,19%,19%,10%,17%,14%
Dresses,Nicole Miller,Red,Evening,M,862,231,5,1,9,1,0,0,27%,27%,13%,0%,0%
Dresses,Nicole Miller,Red,Evening,S,3865,1183,23,7,14,0,0,0,31%,31%,0%,0%,0%
Dresses,Nicole Miller,Red,Formal,L,16887,5127,91,28,52,5,2,9,30%,30%,10%,5%,17%
Dresses,Nicole Miller,Red,Formal,M,17066,3299,92,18,48,4,9,2,19%,19%,8%,18%,5%
Dresses,Nicole Miller,Red,Formal,S,3550,386,19,2,8,0,1,0,11%,11%,0%,15%,0%
Dresses,Nicole Miller,Red,Formal,XL,13694,4941,74,27,40,6,1,5,36%,36%,16%,3%,12%
Dresses,Nicole Miller,Red,Day,L,16818,3505,96,20,46,7,1,6,21%,21%,16%,3%,13%
Dresses,Nicole Miller,Red,Day,M,7225,2169,41,12,19,10,1,1,30%,30%,53%,7%,7%
Dresses,Nicole Miller,Red,Day,S,1036,473,6,3,8,0,0,0,46%,46%,0%,0%,0%
Dresses,Nicole Miller,Red,Day,XL,7600,1746,43,10,30,0,1,4,23%,23%,0%,4%,12%
Dresses,Nicole Miller,Red,Work,L,14306,3506,82,20,53,11,9,5,25%,25%,21%,16%,9%
Dresses,Nicole Miller,Red,Work,M,8834,2486,50,14,32,4,4,4,28%,28%,12%,12%,12%
Dresses,Nicole Miller,Red,Work,S,3086,884,18,5,9,0,1,0,29%,29%,0%,14%,0%
Dresses,Nicole Miller,Red,Work,XL,5862,927,33,5,18,2,0,2,16%,16%,14%,0%,14%
Dresses,Nicole Miller,Grey,Day,L,16743,2093,85,11,47,4,0,18,13%,13%,8%,0%,39%
Dresses,Nicole Miller,Grey,Day,M,15085,1609,76,8,43,2,0,20,11%,11%,6%,0%,46%
Dresses,Nicole Miller,Grey,Day,XL,8910,1330,45,7,25,0,0,12,15%,15%,0%,0%,49%
Dresses,Nicole Miller,Black,Formal,L,36597,4537,229,28,130,11,39,6,12%,12%,9%,30%,5%
Dresses,Nicole Miller,Black,Formal,M,26970,2725,169,17,87,4,28,1,10%,10%,4%,33%,1%
Dresses,Nicole Miller,Black,Formal,S,6556,999,41,0,31,0,16,0,15%,0%,0%,52%,0%
Dresses,Nicole Miller,Black,Formal,XL,28923,4545,181,28,105,11,18,10,16%,16%,11%,18%,9%
Dresses,Nicole Miller,Black,Day,L,33763,8282,178,44,94,15,14,6,25%,25%,16%,15%,7%
Dresses,Nicole Miller,Black,Day,M,27061,6480,142,34,84,12,6,5,24%,24%,15%,7%,6%
Dresses,Nicole Miller,Black,Day,S,5159,1493,27,8,15,2,1,1,29%,29%,16%,8%,8%
Dresses,Nicole Miller,Black,Day,XL,10198,4318,54,23,38,7,1,6,42%,42%,19%,3%,16%
Dresses,Nicole Miller,Black,Evening,L,25279,4749,149,28,67,9,2,11,19%,19%,13%,4%,16%
Dresses,Nicole Miller,Black,Evening,M,14873,3764,87,22,45,9,2,1,25%,25%,19%,6%,3%
Dresses,Nicole Miller,Black,Evening,S,6502,1511,38,9,19,2,6,2,23%,23%,13%,33%,13%
Dresses,Nicole Miller,Black,Evening,XL,13738,3501,81,21,49,10,6,6,25%,25%,20%,13%,13%
Dresses,Nicole Miller,Black,Work,L,46354,7508,273,44,127,16,10,18,16%,16%,13%,8%,15%
Dresses,Nicole Miller,Black,Work,M,26420,4443,155,26,79,14,6,7,17%,17%,17%,8%,9%
Dresses,Nicole Miller,Black,Work,S,2903,513,17,0,6,0,0,1,18%,0%,0%,0%,20%
Dresses,Nicole Miller,Black,Work,XL,28354,6275,167,37,93,18,2,15,22%,22%,20%,3%,16%
Dresses,Nicole Miller,Multi,Formal,XL,1407,375,8,2,9,0,0,0,27%,27%,0%,0%,0%
Dresses,Nicole Miller,Multi,Formal,L,605,341,4,2,2,1,0,0,56%,56%,61%,0%,0%
Dresses,Nicole Miller,Multi,Formal,S,525,108,3,0,9,0,0,0,21%,0%,0%,0%,0%
Dresses,Nicole Miller,Multi,Formal,XL,758,39,5,0,5,0,0,1,5%,0%,0%,0%,26%
Dresses,Nicole Miller,Silver,Day,L,34622,5928,187,32,105,14,10,9,17%,17%,13%,9%,8%
Dresses,Nicole Miller,Silver,Day,M,19069,5282,103,29,57,7,4,1,28%,28%,13%,7%,2%
Dresses,Nicole Miller,Silver,Day,S,6044,1333,33,7,22,5,2,2,22%,22%,22%,11%,11%
Dresses,Nicole Miller,Silver,Day,XL,20191,3929,109,21,65,9,7,1,19%,19%,13%,11%,2%
Dresses,Nicole Miller,Silver,Evening,L,726,169,4,1,7,1,1,0,23%,23%,19%,19%,0%
Dresses,Nicole Miller,Silver,Evening,M,2233,939,13,6,13,1,7,0,42%,42%,10%,59%,0%
Dresses,Nicole Miller,Silver,Evening,S,4294,1386,26,8,20,2,1,0,32%,32%,12%,6%,0%
Dresses,Nicole Miller,Silver,Evening,XL,829,417,5,2,5,0,0,0,50%,50%,0%,0%,0%
Dresses,Nicole Miller,Silver,Work,L,5622,1961,33,12,23,5,5,0,35%,35%,22%,22%,0%
Dresses,Nicole Miller,Silver,Work,M,2307,1642,14,10,16,1,0,0,71%,71%,8%,0%,0%
Dresses,Nicole Miller,Silver,Work,S,1613,512,9,0,11,0,1,0,32%,0%,0%,11%,0%
Dresses,Nicole Miller,Silver,Work,XL,2070,1025,12,6,12,1,1,0,50%,50%,10%,10%,0%
Dresses,Nicole Miller,Yellow,Formal,L,18576,1426,106,8,64,5,20,1,8%,8%,8%,31%,2%
Dresses,Nicole Miller,Yellow,Formal,M,10573,610,60,3,33,1,12,0,6%,6%,4%,37%,0%
Dresses,Nicole Miller,Yellow,Formal,S,2405,619,14,0,7,0,4,0,26%,0%,0%,56%,0%
Dresses,Nicole Miller,Yellow,Formal,XL,8606,346,49,0,30,0,7,2,4%,0%,0%,25%,8%
Dresses,Nicole Miller,Yellow,Day,L,11499,668,72,4,42,1,7,1,6%,6%,3%,18%,3%
Dresses,Nicole Miller,Yellow,Day,M,7414,1307,46,8,27,0,9,0,18%,18%,0%,32%,0%
Dresses,Nicole Miller,Yellow,Day,S,2092,266,13,2,10,0,4,1,13%,13%,0%,38%,13%
Dresses,Nicole Miller,Yellow,Day,XL,5604,685,35,4,25,2,2,1,12%,12%,10%,10%,5%
Dresses,Nicole Miller,Yellow,Evening,L,40852,5894,262,38,135,11,16,25,14%,15%,8%,12%,18%
Dresses,Nicole Miller,Yellow,Evening,M,32730,4053,212,26,112,2,10,14,12%,12%,2%,9%,12%
Dresses,Nicole Miller,Yellow,Evening,S,9141,1924,59,12,39,2,1,1,21%,21%,6%,3%,3%
Dresses,Nicole Miller,Yellow,Evening,XL,34521,3905,222,25,115,5,5,30,11%,11%,4%,4%,26%
Dresses,Nicole Miller,Blue,Work,L,8414,883,49,0,27,1,0,6,10%,0%,5%,0%,23%
Dresses,Nicole Miller,Blue,Work,M,5284,685,31,4,17,1,0,2,13%,13%,7%,0%,15%
Dresses,Nicole Miller,Blue,Work,S,1093,649,6,4,11,1,0,0,59%,59%,11%,0%,0%
Dresses,Nicole Miller,Blue,Work,XL,5907,174,35,0,17,0,0,1,3%,0%,0%,0%,7%
Dresses,Nicole Miller,Blue,Formal,L,14473,2863,83,16,43,7,2,6,20%,20%,17%,6%,14%
Dresses,Nicole Miller,Blue,Formal,M,11133,1504,64,9,31,5,0,4,14%,14%,16%,0%,12%
Dresses,Nicole Miller,Blue,Formal,S,1103,454,6,3,7,0,1,0,41%,41%,0%,18%,0%
Dresses,Nicole Miller,Blue,Formal,XL,8686,1787,50,10,27,4,0,5,21%,21%,14%,0%,18%
Dresses,Nicole Miller,Orange,Day,L,3734,860,22,5,14,1,0,1,23%,23%,9%,0%,9%
Dresses,Nicole Miller,Orange,Day,M,11784,2229,70,13,38,5,2,2,19%,19%,13%,6%,6%
Dresses,Nicole Miller,Orange,Day,S,4787,1167,28,7,18,2,2,4,24%,24%,14%,14%,20%
Dresses,Nicole Miller,Orange,Day,XL,1662,392,10,2,4,0,0,0,24%,24%,0%,0%,0%
Dresses,Nicole Miller,Purple,Day,L,8480,1221,51,7,28,1,0,2,14%,14%,4%,0%,9%
Dresses,Nicole Miller,Purple,Day,M,4350,774,26,0,20,1,0,0,18%,0%,6%,0%,0%
Dresses,Nicole Miller,Purple,Day,S,638,450,4,0,1,0,0,0,71%,0%,0%,0%,0%
Dresses,Nicole Miller,Purple,Day,XL,4442,201,27,0,17,1,1,1,5%,0%,7%,7%,7%
Dresses,Nicole Miller,Purple,Formal,L,10688,3721,63,22,29,4,0,5,35%,35%,13%,0%,17%
Dresses,Nicole Miller,Purple,Formal,M,13373,3176,79,19,54,5,11,1,24%,24%,9%,21%,2%
Dresses,Nicole Miller,Purple,Formal,S,3735,1702,22,10,18,2,1,0,46%,46%,14%,7%,0%
Dresses,Nicole Miller,Purple,Formal,XL,7643,2440,45,14,25,9,0,4,32%,32%,34%,0%,15%
Dresses,Pima Doll,Red,Formal,L,42437,9145,197,43,121,14,35,5,22%,22%,11%,29%,4%
Dresses,Pima Doll,Red,Formal,M,40880,8951,190,42,104,22,18,2,22%,22%,21%,18%,2%
Dresses,Pima Doll,Red,Formal,S,6129,1125,29,5,22,4,0,1,18%,18%,17%,0%,6%
Dresses,Pima Doll,Red,Formal,XL,11299,2392,53,11,34,4,10,0,21%,21%,11%,29%,0%
Dresses,Pima Doll,Black,Formal,S,561,414,2,2,2,1,0,0,74%,74%,78%,0%,0%
Dresses,Pima Doll,Black,Day,L,29861,5374,171,31,100,17,20,1,18%,18%,17%,20%,1%
Dresses,Pima Doll,Black,Day,M,15692,3514,90,20,50,5,5,7,22%,22%,10%,10%,15%
Dresses,Pima Doll,Black,Day,S,12414,1730,71,10,45,5,2,11,14%,14%,11%,5%,24%
Dresses,Pima Doll,Black,Day,XL,1944,727,11,4,11,1,0,0,37%,37%,11%,0%,0%
Dresses,Pima Doll,Black,Evening,L,3462,1313,16,6,9,0,0,0,38%,38%,0%,0%,0%
Dresses,Pima Doll,Black,Evening,M,2316,1403,11,7,6,0,1,0,61%,61%,0%,20%,0%
Dresses,Pima Doll,Black,Evening,S,1946,247,9,0,6,0,0,1,13%,0%,0%,0%,19%
Dresses,Pima Doll,Black,Evening,XL,1857,491,9,2,4,0,1,0,26%,26%,0%,33%,0%
Dresses,Pima Doll,Multi,Evening,L,674,178,3,0,1,0,0,0,26%,0%,0%,0%,0%
Dresses,Pima Doll,White,Work,S,2297,519,14,0,4,0,0,0,23%,0%,0%,0%,0%
Dresses,Pima Doll,White,Formal,L,6694,1960,41,12,27,4,6,1,29%,29%,14%,23%,5%
Dresses,Pima Doll,White,Formal,M,2304,367,14,2,14,1,2,0,16%,16%,9%,17%,0%
Dresses,Pima Doll,White,Formal,XL,2284,688,14,4,11,1,0,0,30%,30%,11%,0%,0%
Dresses,Pima Doll,White,Day,L,6136,1270,29,6,14,1,1,0,21%,21%,9%,9%,0%
Dresses,Pima Doll,White,Day,M,4895,1933,23,9,19,2,2,0,39%,39%,13%,13%,0%
Dresses,Pima Doll,White,Day,XL,4381,690,20,3,12,4,4,0,16%,16%,31%,31%,0%
Dresses,Pima Doll,Silver,Formal,L,26031,4680,142,26,73,10,6,4,18%,18%,14%,8%,5%
Dresses,Pima Doll,Silver,Formal,M,29737,5043,162,28,100,15,5,7,17%,17%,15%,5%,7%
Dresses,Pima Doll,Silver,Formal,S,13565,1658,74,9,43,1,0,10,12%,12%,3%,0%,23%
Dresses,Pima Doll,Silver,Formal,XL,12134,1201,66,7,37,2,6,2,10%,10%,7%,17%,7%
Dresses,Pima Doll,Silver,Day,L,47865,9187,223,43,116,20,32,0,19%,19%,17%,28%,0%
Dresses,Pima Doll,Silver,Day,M,53829,10978,250,51,144,18,39,6,20%,20%,13%,27%,4%
Dresses,Pima Doll,Silver,Day,S,10897,2352,51,11,30,2,2,1,22%,22%,8%,8%,4%
Dresses,Pima Doll,Silver,Day,XL,22846,2320,106,11,61,4,20,0,10%,10%,6%,32%,0%
Dresses,Pima Doll,Blue,Evening,L,54409,7593,253,35,138,12,43,2,14%,14%,9%,31%,2%
Dresses,Pima Doll,Blue,Evening,M,46387,10106,216,47,115,20,23,0,22%,22%,17%,20%,0%
Dresses,Pima Doll,Blue,Evening,S,7068,809,33,4,26,1,0,1,11%,11%,5%,0%,5%
Dresses,Pima Doll,Blue,Evening,XL,10948,1955,51,9,27,1,2,0,18%,18%,5%,9%,0%
Dresses,Pippa,Red,Formal,L,44305,6116,286,39,121,10,17,7,14%,14%,8%,14%,6%
Dresses,Pippa,Red,Formal,M,39768,6030,257,39,125,21,11,4,15%,15%,17%,9%,3%
Dresses,Pippa,Red,Formal,S,7294,1722,47,11,26,6,1,0,24%,24%,24%,5%,0%
Dresses,Pippa,Red,Formal,XL,23106,2834,149,18,67,9,16,2,12%,12%,13%,24%,4%
Dresses,Pippa,Red,Formal,XS,3359,803,22,5,11,0,1,1,24%,24%,0%,11%,11%
Dresses,Pippa,Grey,Day,L,15805,5329,102,34,58,11,4,0,34%,34%,19%,6%,0%
Dresses,Pippa,Grey,Day,M,12190,4515,79,29,52,12,7,0,37%,37%,24%,14%,0%
Dresses,Pippa,Grey,Day,S,7918,1824,51,12,28,4,0,4,23%,23%,13%,0%,13%
Dresses,Pippa,Grey,Day,XL,12230,3145,79,20,44,5,15,1,26%,26%,11%,33%,3%
Dresses,Pippa,Grey,Day,XS,1799,1207,12,8,12,1,0,0,67%,67%,10%,0%,0%
Dresses,Pippa,Black,Evening,L,3299,559,22,4,11,1,1,0,17%,17%,11%,11%,0%
Dresses,Pippa,Black,Evening,M,2113,628,14,4,5,0,0,0,30%,30%,0%,0%,0%
Dresses,Pippa,Black,Evening,S,1147,761,8,5,4,1,0,0,66%,66%,35%,0%,0%
Dresses,Pippa,Black,work,L,97148,21026,656,142,368,70,57,32,22%,22%,19%,15%,9%
Dresses,Pippa,Black,Work,M,103325,19032,698,129,406,67,59,42,18%,18%,16%,15%,10%
Dresses,Pippa,Black,Work,S,21449,5186,145,35,83,12,4,18,24%,24%,15%,4%,22%
Dresses,Pippa,Black,Work,XL,53095,12188,359,82,202,27,52,12,23%,23%,13%,26%,6%
Dresses,Pippa,Multi,Formal,L,4120,814,28,6,9,1,4,1,20%,20%,13%,40%,13%
Dresses,Pippa,Multi,Formal,XL,610,363,4,2,9,1,0,0,60%,60%,13%,0%,0%
Dresses,Pippa,Silver,Formal,L,1323,296,9,2,1,0,0,0,22%,22%,0%,0%,0%
Dresses,Pippa,Silver,Formal,M,174,100,1,1,11,1,0,0,58%,58%,12%,0%,0%
Dresses,Pippa,Silver,Formal,S,641,353,4,2,8,1,0,0,55%,55%,16%,0%,0%
Dresses,Pippa,Silver,Day,L,748,222,5,2,8,0,0,0,30%,30%,0%,0%,0%
Dresses,Pippa,Silver,Day,S,333,227,2,0,9,0,1,0,68%,0%,0%,13%,0%
Dresses,Pippa,Silver,Day,XL,1536,259,10,0,11,0,2,0,17%,0%,0%,23%,0%
Dresses,Pippa,Silver,Evening,L,41518,10130,268,65,148,26,22,7,24%,24%,18%,15%,5%
Dresses,Pippa,Silver,Evening,M,43108,10877,278,70,156,39,26,7,25%,25%,25%,17%,5%
Dresses,Pippa,Silver,Evening,S,20094,4623,130,30,72,14,7,1,23%,23%,19%,10%,2%
Dresses,Pippa,Silver,Evening,XL,27242,5132,176,33,111,16,36,4,19%,19%,14%,32%,3%
Dresses,Pippa,Silver,Evening,XS,6650,1441,43,9,27,6,1,1,22%,22%,23%,5%,5%
Dresses,Pippa,Purple,Work,L,16718,3667,108,24,46,10,6,0,22%,22%,21%,13%,0%
Dresses,Pippa,Purple,Work,M,14075,1288,91,8,44,5,0,4,9%,9%,11%,0%,8%
Dresses,Pippa,Purple,work,S,2511,836,16,5,14,1,0,0,33%,33%,9%,0%,0%
Dresses,Pippa,Purple,work,XL,9952,876,64,6,33,2,12,2,9%,9%,8%,38%,8%
Dresses,Pippa,Purple,work,XS,965,209,6,1,4,0,0,0,22%,22%,0%,0%,0%
Dresses,Prada,White,Formal,XL,1126,764,16,0,9,0,2,0,68%,0%,0%,27%,0%
Dresses,Prada,Silver,Evening,L,1204,908,20,0,17,0,6,0,75%,0%,0%,35%,0%
Dresses,Prada,Silver,Evening,XL,4860,902,82,15,35,2,22,0,19%,19%,7%,63%,0%
Dresses,Prada,Silver,Day,M,850,72,14,0,10,0,0,0,9%,0%,0%,0%,0%
Dresses,Prada,Silver,Day,XL,1032,82,17,1,6,0,2,0,8%,8%,0%,39%,0%
Dresses,Rachel Roy,Red,Formal,L,46823,8967,532,102,293,48,88,4,19%,19%,16%,30%,1%
Dresses,Rachel Roy,Red,Formal,M,28458,6113,323,69,150,28,33,5,21%,21%,19%,22%,3%
Dresses,Rachel Roy,Red,Formal,S,10245,2361,116,27,70,15,7,4,23%,23%,21%,11%,5%
Dresses,Rachel Roy,Red,Formal,XL,30290,5208,344,59,179,23,64,4,17%,17%,13%,36%,2%
Dresses,Rachel Roy,Red,Formal,XS,3233,756,37,9,17,4,1,0,23%,23%,22%,7%,0%
Dresses,Rachel Roy,Black,Day,L,40112,9979,456,113,247,46,68,4,25%,25%,18%,27%,1%
Dresses,Rachel Roy,Black,Day,M,27040,6019,307,68,168,33,26,2,22%,22%,20%,15%,1%
Dresses,Rachel Roy,Black,Day,S,8121,1759,92,20,56,7,1,4,22%,22%,13%,2%,7%
Dresses,Rachel Roy,Black,Day,XL,27300,3796,310,43,160,17,49,2,14%,14%,11%,31%,2%
Dresses,Rachel Roy,Black,Day,XS,3571,1231,41,14,20,6,1,1,34%,34%,30%,6%,6%
Dresses,Rachel Roy,Silver,Evening,L,29339,4278,333,49,164,25,62,2,15%,15%,15%,38%,2%
Dresses,Rachel Roy,Silver,Evening,M,23211,3835,264,44,113,22,21,0,17%,17%,20%,19%,0%
Dresses,Rachel Roy,Silver,Evening,S,8739,1597,99,18,54,10,4,4,18%,18%,18%,7%,7%
Dresses,Rachel Roy,Silver,Evening,XL,24688,3409,281,39,134,15,60,4,14%,14%,11%,45%,3%
Dresses,Rachel Roy,Silver,Evening,XS,2988,477,34,5,20,4,1,1,16%,16%,19%,6%,6%
Dresses,Rachel Roy,Blue,Formal,L,31145,4247,354,48,169,14,26,2,14%,14%,8%,15%,1%
Dresses,Rachel Roy,Blue,Formal,M,23650,2426,269,28,116,14,18,1,10%,10%,12%,16%,1%
Dresses,Rachel Roy,Blue,Formal,S,3865,1333,44,15,28,4,0,2,34%,34%,13%,0%,9%
Dresses,Rachel Roy,Blue,Formal,XL,20916,1714,238,19,110,9,31,2,8%,8%,8%,28%,2%
Dresses,Rachel Roy,Blue,Formal,XS,1522,355,17,4,13,4,0,0,23%,23%,29%,0%,0%
Dresses,Rachel Roy,Blue,Day,L,92272,14621,1049,166,538,74,117,14,16%,16%,14%,22%,3%
Dresses,Rachel Roy,Blue,Day,M,70405,11906,800,135,398,59,67,11,17%,17%,15%,17%,3%
Dresses,Rachel Roy,Blue,Day,S,17116,2684,195,30,111,23,5,7,16%,16%,21%,4%,7%
Dresses,Rachel Roy,Blue,Day,XL,61393,8481,698,96,347,36,113,14,14%,14%,10%,33%,4%
Dresses,Rachel Roy,Blue,Day,XS,4595,1005,52,11,30,4,4,1,22%,22%,12%,12%,4%
Dresses,RD style,Red,Formal,L,10357,1710,53,9,34,2,1,5,17%,17%,7%,4%,14%
Dresses,RD style,Red,Formal,M,26653,4071,137,21,83,6,1,10,15%,15%,7%,1%,12%
Dresses,RD style,Red,Formal,S,5721,964,29,5,18,1,1,1,17%,17%,7%,7%,7%
Dresses,RD style,Red,Formal,XL,4370,960,22,5,13,1,1,0,22%,22%,9%,9%,0%
Dresses,RD style,Red,Day,L,27992,4099,167,24,84,12,11,5,15%,15%,15%,13%,6%
Dresses,RD style,Red,Day,M,17153,2972,102,18,59,4,1,4,17%,17%,6%,2%,6%
Dresses,RD style,Red,Day,S,4357,1221,26,7,15,2,1,2,28%,28%,16%,8%,16%
Dresses,RD style,Red,Day,XL,11674,3279,69,20,43,10,5,0,28%,28%,23%,11%,0%
Dresses,RD style,Red,Evening,L,3633,775,19,0,16,0,1,0,21%,0%,0%,8%,0%
Dresses,RD style,Grey,Formal,L,16342,3517,99,21,59,11,10,1,22%,22%,19%,17%,2%
Dresses,RD style,Grey,Formal,M,13985,3394,85,21,46,7,4,4,24%,24%,16%,8%,8%
Dresses,RD style,Grey,Formal,S,4815,1997,29,12,19,1,4,1,41%,41%,6%,19%,6%
Dresses,RD style,Grey,Formal,XL,6913,2884,42,17,26,6,5,1,42%,42%,23%,19%,5%
Dresses,RD style,Grey,Day,L,9152,2655,49,14,28,9,5,0,29%,29%,31%,17%,0%
Dresses,RD style,Grey,Day,M,7970,2351,43,13,25,2,1,1,29%,29%,10%,5%,5%
Dresses,RD style,Grey,Day,S,1556,765,8,0,9,0,1,0,49%,0%,0%,14%,0%
Dresses,RD style,Grey,Day,XL,7270,648,39,4,21,1,1,2,9%,9%,6%,6%,12%
Dresses,RD style,Grey,Evening,L,7681,2419,42,13,23,4,0,0,31%,31%,16%,0%,0%
Dresses,RD style,Grey,Evening,M,4856,634,26,3,15,1,0,1,13%,13%,8%,0%,8%
Dresses,RD style,Grey,Evening,S,1557,759,8,4,9,1,0,0,49%,49%,13%,0%,0%
Dresses,RD style,Grey,Evening,XL,2523,1149,14,6,7,1,2,0,46%,46%,18%,36%,0%
Dresses,RD style,Grey,Work,L,5592,1014,32,6,23,0,1,1,18%,18%,0%,5%,5%
Dresses,RD style,Grey,Work,M,5843,1008,33,6,21,0,2,0,17%,17%,0%,12%,0%
Dresses,RD style,Grey,Work,XL,1015,404,6,2,5,0,0,0,40%,40%,0%,0%,0%
Dresses,RD style,Grey,Work,L,6327,2083,36,12,12,1,4,0,33%,33%,10%,31%,0%
Dresses,Tadashi Shoji,Red,Formal,L,493949,116181,3337,785,1759,340,215,89,24%,24%,19%,12%,5%
Dresses,Tadashi Shoji,Red,Formal,M,412248,85390,2785,577,1525,253,205,101,21%,21%,17%,13%,7%
Dresses,Tadashi Shoji,Red,Formal,S,99401,15736,672,106,370,46,37,42,16%,16%,12%,10%,11%
Dresses,Tadashi Shoji,Red,Formal,XL,257138,57990,1737,392,931,168,203,49,23%,23%,18%,22%,5%
Dresses,Tadashi Shoji,Red,Day,L,770,214,5,1,6,1,0,0,28%,28%,20%,0%,0%
Dresses,Tadashi Shoji,Red,Day,M,549,377,4,0,1,0,0,0,69%,0%,0%,0%,0%
Dresses,Tadashi Shoji,Red,Day,S,1167,359,8,0,3,0,0,0,31%,0%,0%,0%,0%
Dresses,Tadashi Shoji,Red,Evening,L,826283,185910,5583,1256,2978,572,420,116,22%,22%,19%,14%,4%
Dresses,Tadashi Shoji,Red,Evening,M,760396,149023,5138,1007,2796,503,358,138,20%,20%,18%,13%,5%
Dresses,Tadashi Shoji,Red,Evening,S,199536,37190,1348,251,758,133,60,69,19%,19%,18%,8%,9%
Dresses,Tadashi Shoji,Red,Evening,XL,412778,88719,2789,599,1465,263,330,76,21%,21%,18%,23%,5%
Dresses,Tadashi Shoji,Red,Work,L,856,373,6,3,5,0,0,0,44%,44%,0%,0%,0%
Dresses,Tadashi Shoji,Red,Work,M,665,153,4,1,7,0,0,0,23%,23%,0%,0%,0%
Dresses,Tadashi Shoji,Red,Work,S,299,208,2,1,2,0,0,0,70%,70%,0%,0%,0%
Dresses,Tadashi Shoji,Red,Work,XL,1216,417,8,3,5,1,1,0,34%,34%,26%,26%,0%
Dresses,Tadashi Shoji,Black,Formal,L,59161,17405,400,118,217,55,26,17,29%,29%,26%,12%,8%
Dresses,Tadashi Shoji,Black,Formal,M,68111,14222,460,96,232,39,38,18,21%,21%,17%,16%,8%
Dresses,Tadashi Shoji,Black,Formal,S,20165,4153,136,28,72,16,4,12,21%,21%,22%,5%,17%
Dresses,Tadashi Shoji,Black,Formal,XL,28981,7270,196,49,96,21,28,4,25%,25%,22%,30%,4%
Dresses,Tadashi Shoji,Black,Day,L,78070,20991,528,142,315,67,44,20,27%,27%,21%,14%,6%
Dresses,Tadashi Shoji,Black,Day,M,44667,11197,302,76,159,37,22,6,25%,25%,23%,14%,4%
Dresses,Tadashi Shoji,Black,Day,S,18507,3990,125,27,76,12,6,12,22%,22%,16%,8%,16%
Dresses,Tadashi Shoji,Black,Day,XL,61442,17498,415,118,229,41,42,20,28%,28%,18%,18%,9%
Dresses,Tadashi Shoji,Multi,Evening,L,330,154,2,1,8,0,0,0,47%,47%,0%,0%,0%
Dresses,Tadashi Shoji,Multi,Evening,M,717,475,5,0,5,0,0,0,66%,0%,0%,0%,0%
Dresses,Tadashi Shoji,Multi,Work,L,1179,370,8,3,11,2,0,0,31%,31%,23%,0%,0%
Dresses,Tadashi Shoji,Multi,Work,M,1062,175,7,1,6,0,0,0,16%,16%,0%,0%,0%
Dresses,Tadashi Shoji,Multi,Work,XL,1109,332,7,2,9,2,0,0,30%,30%,28%,0%,0%
Dresses,Tahari,Silver,Formal,L,2868,1242,18,9,16,2,2,2,43%,49%,16%,16%,16%
Dresses,Tahari,Silver,Formal,S,4805,858,33,6,19,1,1,4,18%,18%,6%,6%,19%
Dresses,Tahari,Silver,Formal,XL,1865,683,12,4,16,1,0,0,37%,36%,8%,0%,0%
Dresses,Tahari,Silver,Day,L,7696,2129,52,14,30,9,7,0,28%,28%,29%,25%,0%
Dresses,Tahari,Silver,Day,M,9374,1802,63,12,32,5,2,2,19%,19%,15%,8%,8%
Dresses,Tahari,Silver,Day,S,2182,528,15,4,5,0,0,0,24%,24%,0%,0%,0%
Dresses,Tahari,Silver,Day,XL,4541,1477,31,10,20,2,4,0,33%,33%,13%,19%,0%
Dresses,Tahari,Silver,Evening,L,8817,1407,52,8,27,1,1,4,16%,16%,5%,5%,14%
Dresses,Tahari,Silver,Evening,M,5154,962,31,6,14,0,0,0,19%,19%,0%,0%,0%
Dresses,Tahari,Silver,Evening,S,4830,571,29,3,22,0,1,2,12%,12%,0%,6%,11%
Dresses,Tahari,Silver,Evening,XL,1733,570,10,3,13,0,0,0,33%,33%,0%,0%,0%
Dresses,Tahari,Silver,Work,L,9385,4369,63,30,35,7,5,2,47%,47%,21%,14%,7%
Dresses,Tahari,Silver,Work,M,15692,2404,106,16,59,10,5,10,15%,15%,17%,8%,17%
Dresses,Tahari,Silver,Work,S,7205,953,49,6,29,4,0,6,13%,13%,13%,0%,21%
Dresses,Tahari,Silver,Work,XL,9351,1415,63,10,25,1,10,2,15%,15%,5%,40%,10%
Dresses,Tahari,Yellow,Formal,L,14869,4774,126,40,82,11,11,2,32%,32%,13%,13%,3%
Dresses,Tahari,Yellow,Formal,M,8732,3162,82,30,48,9,0,6,36%,37%,18%,0%,13%
Dresses,Tahari,Yellow,Formal,XL,7820,3017,64,24,44,11,2,1,39%,38%,25%,6%,3%
Dresses,Tahari,Blue,Formal,L,516,281,4,2,3,1,0,0,54%,54%,38%,0%,0%
Dresses,Tahari,Blue,Formal,S,5880,895,46,7,35,0,4,14,15%,15%,0%,11%,39%
Dresses,Tahari,Blue,Formal,XL,573,71,4,0,2,0,0,0,12%,0%,0%,0%,0%
Dresses,Tahari,Blue,Day,L,26994,3483,214,25,103,12,12,11,13%,11%,12%,12%,11%
Dresses,Tahari,Blue,Day,M,26879,2628,210,20,94,9,7,6,10%,9%,9%,8%,7%
Dresses,Tahari,Blue,Day,S,3029,541,23,4,14,2,1,1,18%,18%,18%,9%,9%
Dresses,Tahari,Blue,Day,XL,11127,2510,86,20,50,6,12,1,23%,23%,12%,25%,2%
Dresses,Tahari,Blue,Evening,L,214673,37892,2191,387,1105,160,90,117,18%,18%,15%,8%,11%
Dresses,Tahari,Blue,Evening,M,178925,28427,1826,290,958,144,64,105,16%,16%,15%,7%,11%
Dresses,Tahari,Blue,Evening,S,33729,5044,344,51,185,25,7,27,15%,15%,13%,4%,15%
Dresses,Tahari,Blue,Evening,XL,120752,20566,1232,210,622,96,79,69,17%,17%,15%,13%,11%
Dresses,Taylor,Gold,Work,L,10797,2084,55,11,27,2,5,1,19%,19%,9%,19%,5%
Dresses,Taylor,Gold,Work,M,8287,905,42,5,29,1,4,1,11%,11%,4%,13%,4%
Dresses,Taylor,Gold,Work,S,6309,1050,32,5,18,2,0,1,17%,17%,13%,0%,7%
Dresses,Taylor,Gold,Work,XL,4877,1276,25,6,17,2,4,0,26%,26%,14%,21%,0%
Dresses,Taylor,White,Formal,L,1122,496,5,2,2,0,0,0,44%,44%,0%,0%,0%
Dresses,Taylor,White,Formal,M,1950,1397,9,6,12,1,0,0,72%,72%,10%,0%,0%
Dresses,Taylor,White,Formal,S,1328,990,6,0,6,0,0,0,75%,0%,0%,0%,0%
Dresses,Taylor,White,Day,L,4383,1157,19,5,13,0,0,0,26%,26%,0%,0%,0%
Dresses,Taylor,White,Day,M,8368,1376,37,6,14,2,0,0,16%,16%,17%,0%,0%
Dresses,Taylor,White,Day,S,2801,791,12,3,2,0,0,0,28%,28%,0%,0%,0%
Dresses,Taylor,White,Day,XL,1176,405,5,0,9,0,0,0,34%,0%,0%,0%,0%
Dresses,Taylor,White,Evening,L,3196,1231,14,5,9,1,0,0,39%,39%,13%,0%,0%
Dresses,Taylor,White,Evening,M,5560,2026,24,9,9,1,1,0,36%,36%,13%,13%,0%
Dresses,Taylor,White,Evening,S,3115,748,14,3,6,0,0,0,24%,24%,0%,0%,0%
Dresses,Taylor,White,Evening,XL,2555,568,11,2,11,0,4,0,22%,22%,0%,35%,0%
Dresses,Taylor,Blue,Formal,L,10353,1406,37,5,17,1,4,2,14%,13%,7%,22%,15%
Dresses,Taylor,Blue,Formal,M,13507,1175,45,4,27,2,2,2,9%,9%,9%,9%,9%
Dresses,Taylor,Blue,Formal,S,2164,722,7,0,6,0,0,1,33%,0%,0%,0%,20%
Dresses,Taylor,Blue,Formal,XL,6387,668,24,2,23,0,5,0,10%,10%,0%,22%,0%
Dresses,Tegan,Red,Day,XL,1903,681,11,4,10,0,1,0,36%,36%,0%,12%,0%
Dresses,Tegan,Black,Formal,L,8343,935,45,5,25,1,4,0,11%,11%,5%,15%,0%
Dresses,Tegan,Black,Formal,M,7183,2066,39,11,19,5,1,0,29%,29%,26%,6%,0%
Dresses,Tegan,Black,Formal,S,2420,297,13,2,12,0,0,4,12%,12%,0%,0%,31%
Dresses,Tegan,Black,Formal,XL,9288,1281,50,7,30,1,9,0,14%,14%,4%,29%,0%
Dresses,Tegan,Silver,Day,L,4220,2262,22,12,5,1,0,1,54%,54%,24%,0%,24%
Dresses,Tegan,Silver,Day,M,4168,445,21,2,16,1,0,0,11%,11%,8%,0%,0%
Dresses,Tegan,Silver,Day,S,2347,794,12,4,9,1,0,1,34%,34%,14%,0%,14%
Dresses,Tegan,Silver,Day,XL,9224,1208,47,6,33,4,2,2,13%,13%,11%,8%,8%
Dresses,Tegan,Silver,Evening,L,1100,539,6,3,8,2,0,0,49%,49%,32%,0%,0%
Dresses,Tegan,Silver,Evening,M,3777,280,22,2,18,1,0,6,7%,7%,7%,0%,34%
Dresses,Tegan,Silver,Evening,S,1687,441,10,3,10,1,0,0,26%,26%,12%,0%,0%
Dresses,Tegan,Silver,Evening,XL,1998,1561,11,9,9,2,1,0,78%,78%,27%,14%,0%
Dresses,Tegan,Silver,Work,L,12424,2367,71,14,38,2,5,0,19%,19%,6%,13%,0%
Dresses,Tegan,Silver,Work,M,14741,2638,84,15,41,5,6,0,18%,18%,12%,15%,0%
Dresses,Tegan,Silver,Work,S,2096,899,12,5,13,0,0,1,43%,43%,0%,0%,10%
Dresses,Tegan,Silver,Work,XL,13259,488,76,3,38,2,17,1,4%,4%,6%,45%,3%
Dresses,Tegan,Silver,Formal,L,15927,3039,82,16,43,2,9,0,19%,19%,6%,20%,0%
Dresses,Tegan,Silver,Formal,S,745,239,4,1,3,0,0,0,32%,32%,0%,0%,0%
Dresses,Tegan,Silver,Formal,XL,11760,3066,60,16,31,2,10,0,26%,26%,8%,32%,0%
Dresses,Tegan,Blue,Day,L,8349,2434,43,12,22,2,2,0,29%,29%,11%,11%,0%
Dresses,Tegan,Blue,Day,M,3111,1726,16,9,12,1,1,0,55%,55%,10%,10%,0%
Dresses,Tegan,Blue,Day,S,2644,1330,14,7,11,2,0,1,50%,50%,22%,0%,11%
Dresses,Tegan,Blue,Day,XL,1554,763,8,4,11,1,2,0,49%,49%,11%,22%,0%
Dresses,Tegan,Orange,Formal,L,6269,1013,36,6,16,1,1,0,16%,16%,8%,8%,0%
Dresses,Tegan,Orange,Formal,M,3470,713,20,4,14,0,0,0,21%,21%,0%,0%,0%
Dresses,Tegan,Orange,Formal,S,899,3,5,0,6,0,0,1,0%,0%,0%,0%,19%
Dresses,Tegan,Orange,Formal,XL,6660,644,38,4,24,2,2,0,10%,10%,10%,10%,0%
Dresses,The Vanity Room,Red,Day,L,85730,23500,875,240,508,117,97,47,27%,27%,23%,19%,9%
Dresses,The Vanity Room,Red,Day,M,43015,13600,439,139,249,62,30,7,32%,32%,25%,12%,3%
Dresses,The Vanity Room,Red,Day,S,15111,4663,154,48,111,25,9,11,31%,31%,22%,8%,10%
Dresses,The Vanity Room,Red,Day,XL,33181,9420,339,96,206,43,18,26,28%,28%,21%,9%,13%
Dresses,The Vanity Room,Red,Evening,L,81785,13140,835,134,464,64,95,12,16%,16%,14%,20%,3%
Dresses,The Vanity Room,Red,Evening,M,50495,10565,515,108,275,37,54,5,21%,21%,13%,20%,2%
Dresses,The Vanity Room,Red,Evening,S,19076,4379,195,45,99,20,10,6,23%,23%,20%,10%,6%
Dresses,The Vanity Room,Red,Evening,XL,42425,7142,433,73,220,32,31,28,17%,17%,15%,14%,13%
Dresses,The Vanity Room,Red,Formal,L,57206,10923,584,111,301,52,60,12,19%,19%,17%,20%,4%
Dresses,The Vanity Room,Red,Formal,M,39253,7789,401,79,221,46,32,9,20%,20%,21%,14%,4%
Dresses,The Vanity Room,Red,Formal,S,14846,2973,151,30,88,10,10,4,20%,20%,11%,11%,4%
Dresses,The Vanity Room,Red,Formal,XL,27742,4539,283,46,151,18,18,22,16%,16%,12%,12%,15%
Dresses,The Vanity Room,Red,Work,L,2723,992,20,7,16,0,1,0,36%,36%,0%,8%,0%
Dresses,The Vanity Room,Red,Work,M,2187,610,16,4,15,0,0,0,28%,28%,0%,0%,0%
Dresses,The Vanity Room,Red,Work,S,880,429,6,0,7,0,0,0,49%,0%,0%,0%,0%
Dresses,The Vanity Room,Red,Work,XL,1959,966,14,0,16,0,4,1,49%,0%,0%,23%,8%
Dresses,The Vanity Room,Black,Formal,L,96630,25295,986,258,585,111,104,36,26%,26%,19%,18%,6%
Dresses,The Vanity Room,Black,Formal,M,55387,15148,565,155,336,75,55,17,27%,27%,22%,17%,5%
Dresses,The Vanity Room,Black,Formal,S,25797,6927,263,71,155,27,20,12,27%,27%,18%,13%,8%
Dresses,The Vanity Room,Black,Formal,XL,36867,11031,376,113,221,47,35,27,30%,30%,21%,16%,12%
Dresses,The Vanity Room,Black,Day,L,33226,9202,339,94,200,39,37,17,28%,28%,20%,18%,9%
Dresses,The Vanity Room,Black,Day,M,24175,4748,247,48,150,22,36,12,20%,20%,15%,24%,8%
Dresses,The Vanity Room,Black,Day,S,9587,2901,98,30,54,11,6,6,30%,30%,21%,11%,11%
Dresses,The Vanity Room,Black,Day,XL,11988,3367,122,34,69,12,10,7,28%,28%,18%,14%,11%
Dresses,The Vanity Room,Multi,Formal,L,1065,202,13,2,12,0,1,1,19%,19%,0%,10%,10%
Dresses,The Vanity Room,Multi,Day,L,238,107,4,2,2,1,0,0,45%,45%,61%,0%,0%
Dresses,The Vanity Room,Multi,Evening,XL,529,154,6,2,2,1,0,0,29%,29%,53%,0%,0%
Dresses,The Vanity Room,White,Formal,M,408,140,5,2,5,1,0,0,34%,34%,26%,0%,0%
Dresses,The Vanity Room,Silver,Formal,L,224289,52782,2289,539,1266,250,290,54,24%,24%,20%,23%,4%
Dresses,The Vanity Room,Silver,Formal,M,153888,33212,1570,339,867,174,201,33,22%,22%,20%,23%,4%
Dresses,The Vanity Room,Silver,Formal,S,48148,11397,491,116,295,51,38,21,24%,24%,17%,13%,7%
Dresses,The Vanity Room,Silver,Formal,XL,117129,24755,1195,253,605,94,104,41,21%,21%,15%,17%,7%
Dresses,The Vanity Room,Silver,Day,L,11937,3292,130,36,73,11,20,1,28%,28%,15%,27%,2%
Dresses,The Vanity Room,Silver,Day,M,3792,1871,41,20,30,7,4,0,49%,49%,24%,12%,0%
Dresses,The Vanity Room,Silver,Day,S,6417,1850,70,20,43,7,14,1,29%,29%,17%,31%,3%
Dresses,The Vanity Room,Silver,Day,XL,8395,2073,91,23,51,9,12,4,25%,25%,17%,24%,7%
Dresses,The Vanity Room,Silver,Evening,L,54627,7059,557,72,201,26,49,2,13%,13%,13%,24%,1%
Dresses,The Vanity Room,Silver,Evening,M,29872,3637,305,37,118,18,26,1,12%,12%,16%,22%,1%
Dresses,The Vanity Room,Silver,Evening,S,10933,1905,112,19,53,12,2,1,17%,17%,23%,5%,2%
Dresses,The Vanity Room,Silver,Evening,XL,24025,4168,245,43,98,14,28,5,17%,17%,14%,29%,5%
Dresses,The Vanity Room,Silver,Work,L,4116,1286,47,15,29,1,9,0,31%,31%,4%,30%,0%
Dresses,The Vanity Room,Silver,Work,M,5184,982,59,11,31,2,6,0,19%,19%,8%,20%,0%
Dresses,The Vanity Room,Silver,Work,S,864,570,10,6,9,0,0,1,66%,66%,0%,0%,13%
Dresses,The Vanity Room,Silver,Work,XL,3883,1091,44,12,31,2,4,1,28%,28%,8%,12%,4%
Dresses,The Vanity Room,Yellow,Formal,L,2419,555,33,7,11,0,1,2,23%,23%,0%,11%,23%
Dresses,The Vanity Room,Yellow,Formal,M,311,56,4,0,10,0,0,0,18%,0%,0%,0%,0%
Dresses,The Vanity Room,Yellow,Formal,S,1035,192,14,0,8,0,0,0,19%,0%,0%,0%,0%
Dresses,The Vanity Room,Yellow,Formal,XL,1501,1048,20,14,16,1,1,0,70%,70%,8%,8%,0%
Dresses,The Vanity Room,Yellow,Day,L,1932,596,26,8,16,4,4,0,31%,31%,23%,23%,0%
Dresses,The Vanity Room,Yellow,Day,M,1552,246,21,3,14,1,1,0,16%,16%,9%,9%,0%
Dresses,The Vanity Room,Yellow,Day,XL,949,232,13,0,12,0,2,1,24%,0%,0%,20%,10%
Dresses,The Vanity Room,Yellow,Evening,L,3844,1389,44,16,19,2,1,0,36%,36%,13%,6%,0%
Dresses,The Vanity Room,Yellow,Evening,M,906,551,10,0,13,0,1,0,61%,0%,0%,9%,0%
Dresses,The Vanity Room,Yellow,Evening,S,1139,412,13,5,15,0,0,0,36%,36%,0%,0%,0%
Dresses,The Vanity Room,Yellow,Evening,XL,1656,839,19,10,10,1,1,0,51%,51%,12%,12%,0%
Dresses,The Vanity Room,Blue,Formal,L,26347,4544,223,39,114,17,14,5,17%,17%,15%,12%,4%
Dresses,The Vanity Room,Blue,Formal,M,16221,3883,137,33,73,15,15,5,24%,24%,20%,20%,7%
Dresses,The Vanity Room,Blue,Formal,S,7143,1691,61,14,27,5,4,2,24%,24%,18%,14%,9%
Dresses,The Vanity Room,Blue,Formal,XL,18265,4636,155,39,74,12,14,5,25%,25%,17%,18%,7%
Dresses,The Vanity Room,Blue,Evening,L,35020,5328,357,54,148,25,16,4,15%,15%,17%,11%,3%
Dresses,The Vanity Room,Blue,Evening,M,16537,3040,169,31,78,12,9,2,18%,18%,16%,11%,3%
Dresses,The Vanity Room,Blue,Evening,S,6676,1096,68,11,29,6,1,0,16%,16%,21%,4%,0%
Dresses,The Vanity Room,Blue,Evening,XL,13258,2562,135,26,59,12,7,2,19%,19%,21%,13%,4%
Dresses,The Vanity Room,Blue,Evening,L,15892,2866,173,31,78,18,31,2,18%,18%,24%,39%,3%
Dresses,The Vanity Room,Blue,Evening,M,12393,2749,135,30,72,17,15,5,22%,22%,24%,21%,7%
Dresses,The Vanity Room,Blue,Evening,S,1889,517,21,6,13,2,0,2,27%,27%,19%,0%,19%
Dresses,The Vanity Room,Blue,Evening,XL,4934,1295,54,14,28,4,7,0,26%,26%,13%,27%,0%
Dresses,The Vanity Room,Orange,Formal,L,15820,533,161,5,55,4,11,2,3%,3%,7%,20%,4%
Dresses,The Vanity Room,Orange,Formal,M,11675,855,119,9,39,4,4,2,7%,7%,9%,9%,6%
Dresses,The Vanity Room,Orange,Formal,S,1068,24,11,0,6,1,0,0,2%,0%,22%,0%,0%
Dresses,The Vanity Room,Orange,Formal,XL,7021,516,72,5,30,1,1,7,7%,7%,4%,4%,25%
Dresses,The Vanity Room,Orange,Day,L,19751,1785,202,18,82,6,25,2,9%,9%,7%,30%,3%
Dresses,The Vanity Room,Orange,Day,M,12721,2512,130,26,68,10,10,0,20%,20%,14%,14%,0%
Dresses,The Vanity Room,Orange,Day,S,2959,1019,30,10,18,1,1,0,34%,34%,7%,7%,0%
Dresses,The Vanity Room,Orange,Day,XL,11362,833,116,8,48,2,14,1,7%,7%,5%,28%,3%
Dresses,Thorn,Red,Formal,L,31519,7623,191,46,104,20,6,9,24%,24%,19%,6%,8%
Dresses,Thorn,Red,Formal,M,25187,5981,153,36,74,25,1,6,24%,24%,33%,2%,8%
Dresses,Thorn,Red,Formal,S,2207,885,13,5,12,1,0,0,40%,40%,11%,0%,0%
Dresses,Thorn,Red,Formal,XL,16929,3715,103,23,49,9,4,5,22%,22%,18%,8%,10%
Dresses,Thorn,Red,Day,L,4887,1561,26,8,11,1,0,2,32%,32%,11%,0%,22%
Dresses,Thorn,Red,Day,M,6657,1068,36,6,23,0,1,2,16%,16%,0%,5%,11%
Dresses,Thorn,Red,Day,S,1380,377,7,2,13,0,0,0,27%,27%,0%,0%,0%
Dresses,Thorn,Red,Day,XL,1666,1034,9,6,9,0,1,0,62%,62%,0%,14%,0%
Dresses,Thorn,Red,Evening,L,11926,3931,72,24,39,7,5,2,33%,33%,19%,13%,6%
Dresses,Thorn,Red,Evening,M,6404,3020,39,18,15,9,0,0,47%,47%,57%,0%,0%
Dresses,Thorn,Red,Evening,S,2297,1570,14,10,4,0,1,0,68%,68%,0%,28%,0%
Dresses,Thorn,Red,Evening,XL,3772,2099,23,13,20,4,2,2,56%,56%,19%,12%,12%
Dresses,Thorn,Red,Work,L,15781,5193,96,31,64,20,5,0,33%,33%,31%,8%,0%
Dresses,Thorn,Red,Work,M,19145,3865,116,23,56,14,5,5,20%,20%,24%,9%,9%
Dresses,Thorn,Red,Work,S,3000,846,18,5,19,6,0,1,28%,28%,32%,0%,6%
Dresses,Thorn,Red,Work,XL,6660,1934,40,12,26,5,2,0,29%,29%,19%,9%,0%
Dresses,Thorn,Grey,Formal,L,5095,1147,27,6,19,4,0,1,23%,23%,19%,0%,6%
Dresses,Thorn,Grey,Formal,M,1970,1530,11,8,4,1,0,0,78%,78%,29%,0%,0%
Dresses,Thorn,Grey,Formal,S,1265,408,7,2,3,1,0,0,32%,32%,41%,0%,0%
Dresses,Thorn,Grey,Formal,XL,3666,1192,20,6,16,0,1,1,33%,33%,0%,8%,8%
Dresses,Thorn,Grey,Day,L,7500,2766,45,17,31,5,2,1,37%,37%,16%,8%,4%
Dresses,Thorn,Grey,Day,M,10780,2820,65,17,37,9,5,1,26%,26%,23%,13%,3%
Dresses,Thorn,Grey,Day,S,4656,1195,28,7,15,1,0,0,26%,26%,8%,0%,0%
Dresses,Thorn,Grey,Day,XL,5016,1997,30,12,24,2,0,1,40%,40%,10%,0%,5%
Dresses,Thorn,Grey,Evening,L,11793,2550,71,15,39,4,1,4,22%,22%,9%,3%,9%
Dresses,Thorn,Grey,Evening,M,6615,2702,40,16,25,5,0,0,41%,41%,19%,0%,0%
Dresses,Thorn,Grey,Evening,S,3121,1003,19,6,12,2,0,0,32%,32%,20%,0%,0%
Dresses,Thorn,Grey,Evening,XL,4346,1728,26,10,16,2,1,1,40%,40%,16%,8%,8%
Dresses,Thorn,Grey,Work,L,11647,3286,71,20,46,9,7,2,28%,28%,19%,16%,5%
Dresses,Thorn,Grey,Work,M,12986,3932,79,24,45,12,4,2,30%,30%,27%,8%,5%
Dresses,Thorn,Grey,Work,S,2890,1251,18,8,11,2,0,0,43%,43%,21%,0%,0%
Dresses,Thorn,Grey,Work,XL,5585,1919,34,12,22,5,1,0,34%,34%,22%,5%,0%
Dresses,Thorn,Black,Formal,L,7943,1780,48,11,27,7,1,2,22%,22%,27%,5%,9%
Dresses,Thorn,Black,Formal,M,7004,1966,42,12,25,4,2,1,28%,28%,15%,10%,5%
Dresses,Thorn,Black,Formal,S,2599,575,16,3,10,0,1,0,22%,22%,0%,13%,0%
Dresses,Thorn,Black,Formal,XL,1965,661,12,4,6,1,1,0,34%,34%,22%,22%,0%
Dresses,Thorn,Black,Day,L,19984,2860,121,17,66,5,7,4,14%,14%,7%,11%,6%
Dresses,Thorn,Black,Day,M,20699,3203,125,19,82,6,5,4,15%,15%,8%,6%,5%
Dresses,Thorn,Black,Day,S,2743,1150,17,7,18,0,0,0,42%,42%,0%,0%,0%
Dresses,Thorn,Black,Day,XL,8617,1164,52,7,29,7,4,1,14%,14%,26%,13%,4%
Dresses,Thorn,Black,Evening,L,11558,3313,70,20,47,9,2,5,29%,29%,18%,5%,10%
Dresses,Thorn,Black,Evening,M,12283,4250,74,26,44,5,5,2,35%,35%,11%,11%,6%
Dresses,Thorn,Black,Evening,S,4270,1814,26,11,13,4,1,0,42%,42%,28%,9%,0%
Dresses,Thorn,Black,Evening,XL,8098,1857,49,11,36,4,5,4,23%,23%,10%,14%,10%
Dresses,Thorn,Multi,Work,L,1068,219,6,1,9,0,0,0,20%,20%,0%,0%,0%
Dresses,Thorn,Multi,Work,S,757,445,5,3,3,0,0,0,59%,59%,0%,0%,0%
Dresses,Thorn,White,Formal,L,13456,2559,77,15,40,7,6,0,19%,19%,19%,16%,0%
Dresses,Thorn,White,Formal,M,4983,414,28,0,10,0,0,0,8%,0%,0%,0%,0%
Dresses,Thorn,White,Formal,S,2997,936,17,0,8,1,1,0,31%,0%,15%,15%,0%
Dresses,Thorn,White,Formal,XL,6064,1191,35,7,14,1,4,2,20%,20%,9%,27%,18%
Dresses,Thorn,Silver,Formal,L,9787,3880,59,24,36,7,2,4,40%,40%,21%,7%,10%
Dresses,Thorn,Silver,Formal,M,11666,3011,71,18,49,7,5,2,26%,26%,15%,10%,5%
Dresses,Thorn,Silver,Formal,S,3510,1933,21,12,19,4,0,1,55%,55%,20%,0%,7%
Dresses,Thorn,Silver,Formal,XL,6318,1847,38,11,28,5,4,1,29%,29%,17%,13%,4%
Dresses,Thorn,Silver,Day,L,2735,1057,14,5,15,1,1,0,39%,39%,8%,8%,0%
Dresses,Thorn,Silver,Day,M,5864,1644,30,8,12,1,1,1,28%,28%,10%,10%,10%
Dresses,Thorn,Silver,Day,S,3636,1470,19,8,17,2,0,2,40%,40%,15%,0%,15%
Dresses,Thorn,Silver,Day,XL,3933,1645,20,8,16,4,0,0,42%,42%,23%,0%,0%
Dresses,Thorn,Silver,Evening,L,23062,5915,132,34,78,15,5,2,26%,26%,19%,6%,3%
Dresses,Thorn,Silver,Evening,M,16874,4172,96,24,56,14,4,4,25%,25%,24%,7%,7%
Dresses,Thorn,Silver,Evening,S,8455,2566,48,15,25,5,2,2,30%,30%,20%,10%,10%
Dresses,Thorn,Silver,Evening,XL,7072,2977,40,17,15,2,0,1,42%,42%,17%,0%,8%
Dresses,Thorn,Silver,Work,L,20535,4746,124,29,74,15,7,6,23%,23%,20%,10%,8%
Dresses,Thorn,Silver,Work,M,18193,4664,110,28,55,11,6,4,26%,26%,20%,11%,7%
Dresses,Thorn,Silver,Work,S,6813,1697,41,10,26,9,1,2,25%,25%,33%,5%,10%
Dresses,Thorn,Silver,Work,XL,9411,2125,57,13,29,2,1,4,23%,23%,8%,4%,13%
Dresses,Thorn,Blue,Formal,L,13306,3605,81,22,49,12,1,2,27%,27%,25%,3%,5%
Dresses,Thorn,Blue,Formal,M,11370,2239,69,14,40,5,4,6,20%,20%,12%,9%,16%
Dresses,Thorn,Blue,Formal,S,4843,756,29,5,20,1,0,0,16%,16%,6%,0%,0%
Dresses,Thorn,Blue,Formal,XL,5335,1500,32,9,21,4,2,1,28%,28%,18%,12%,6%
Dresses,Thorn,Blue,Day,L,9624,2629,58,16,35,5,1,6,27%,27%,14%,3%,17%
Dresses,Thorn,Blue,Day,M,7483,1861,45,11,24,5,0,1,25%,25%,20%,0%,5%
Dresses,Thorn,Blue,Day,S,3034,981,18,6,8,0,0,1,32%,32%,0%,0%,16%
Dresses,Thorn,Blue,Day,XL,5083,2149,31,13,20,4,0,2,42%,42%,19%,0%,13%
Dresses,Thorn,Blue,Evening,L,11064,2193,67,13,40,5,4,4,20%,20%,12%,9%,9%
Dresses,Thorn,Blue,Evening,M,10504,3490,64,21,35,7,0,1,33%,33%,21%,0%,3%
Dresses,Thorn,Blue,Evening,S,3047,922,18,6,14,0,0,0,30%,30%,0%,0%,0%
Dresses,Thorn,Blue,Evening,XL,3558,1389,22,8,15,2,1,0,39%,39%,16%,8%,0%
Dresses,Thorn,Blue,Work,L,13311,2833,81,17,38,1,2,2,21%,21%,3%,7%,7%
Dresses,Thorn,Blue,Work,M,12260,1587,74,10,42,4,1,4,13%,13%,9%,3%,9%
Dresses,Thorn,Blue,Work,S,6386,1485,39,9,22,4,6,2,23%,23%,17%,29%,11%
Dresses,Thorn,Blue,Work,XL,3596,729,22,4,15,2,1,4,20%,20%,16%,8%,25%
Dresses,Thorn,Orange,Formal,L,4048,505,21,3,17,1,2,1,12%,12%,7%,14%,7%
Dresses,Thorn,Orange,Formal,M,5652,1753,29,9,20,0,2,0,31%,31%,0%,12%,0%
Dresses,Thorn,Orange,Formal,S,3920,1105,20,6,13,1,0,0,28%,28%,9%,0%,0%
Dresses,Thorn,Orange,Formal,XL,1060,215,5,1,3,1,0,0,20%,20%,41%,0%,0%
Dresses,Thorn,Orange,Day,L,1313,401,7,2,5,1,0,0,31%,31%,25%,0%,0%
Dresses,Thorn,Orange,Day,M,2461,414,13,2,15,0,0,1,17%,17%,0%,0%,8%
Dresses,Thorn,Orange,Day,S,1705,1175,9,6,8,1,0,0,69%,69%,16%,0%,0%
Dresses,Thorn,Orange,Day,XL,3620,1118,19,6,15,1,2,0,31%,31%,8%,16%,0%
Dresses,Thorn,Purple,Formal,L,1566,425,9,0,8,0,0,2,27%,0%,0%,0%,31%
Dresses,Thorn,Purple,Formal,M,1193,563,7,0,5,0,0,0,47%,0%,0%,0%,0%
Dresses,Thorn,Purple,Formal,XL,982,307,6,2,4,0,0,0,31%,31%,0%,0%,0%
Dresses,Thorn,Purple,Day,L,17290,3616,105,22,62,7,6,2,21%,21%,12%,10%,4%
Dresses,Thorn,Purple,Day,M,11485,3728,70,23,44,11,2,2,32%,32%,25%,6%,6%
Dresses,Thorn,Purple,Day,S,4656,1136,28,7,14,1,1,0,24%,24%,9%,9%,0%
Dresses,Thorn,Purple,Day,XL,14507,4019,88,24,41,6,6,4,28%,28%,15%,15%,9%
Dresses,Thorn,Purple,Evening,L,24028,6436,137,37,87,22,9,6,27%,27%,26%,10%,7%
Dresses,Thorn,Purple,Evening,M,30796,6659,176,38,100,18,10,2,22%,22%,19%,10%,2%
Dresses,Thorn,Purple,Evening,S,6096,1328,35,8,29,2,1,1,22%,22%,9%,4%,4%
Dresses,Thorn,Purple,Evening,XL,17067,2836,98,16,43,1,7,4,17%,17%,3%,17%,9%
Dresses,Thorn,Purple,Work,L,3636,1126,19,6,10,2,1,0,31%,31%,25%,13%,0%
Dresses,Thorn,Purple,Work,M,1195,425,6,2,6,0,0,0,36%,36%,0%,0%,0%
Dresses,Thorn,Purple,Work,S,1151,441,6,2,4,2,0,0,38%,38%,69%,0%,0%
Dresses,Thorn,Purple,Work,XL,2520,1052,13,5,7,4,1,0,42%,42%,53%,18%,0%
Dresses,Vera Wang,Red,Formal,L,7155,742,28,3,11,0,1,0,10%,10%,0%,12%,0%
Dresses,Vera Wang,Red,Formal,M,4996,781,20,3,8,0,0,0,16%,16%,0%,0%,0%
Dresses,Vera Wang,Red,Formal,S,1758,379,7,0,4,0,0,0,22%,0%,0%,0%,0%
Dresses,Vera Wang,Red,Formal,XL,6712,565,26,0,13,0,0,0,8%,0%,0%,0%,0%
Dresses,Vera Wang,Red,Formal,XS,1504,342,6,1,7,0,0,0,23%,23%,0%,0%,0%
Dresses,Vera Wang,Silver,Day,L,10021,2529,46,11,33,1,4,0,25%,25%,4%,11%,0%
Dresses,Vera Wang,Silver,Day,M,4072,1108,19,5,11,0,1,0,27%,27%,0%,12%,0%
Dresses,Vera Wang,Silver,Day,XL,5269,1238,24,6,20,0,4,0,23%,23%,0%,19%,0%
Dresses,Willow & clay,Red,Evening,L,5932,716,38,5,13,0,1,1,12%,12%,0%,10%,10%
Dresses,Willow & clay,Red,Evening,M,10404,1547,66,10,45,6,2,5,15%,15%,14%,6%,11%
Dresses,Willow & clay,Red,Evening,S,3014,758,19,0,14,0,0,2,25%,0%,0%,0%,18%
Dresses,Willow & clay,Red,Evening,XL,9537,1830,60,12,32,7,2,1,19%,19%,23%,8%,4%
Dresses,Willow & clay,Silver,Formal,L,19490,4017,123,25,59,7,4,2,21%,21%,13%,6%,4%
Dresses,Willow & clay,Silver,Formal,M,14997,3093,95,20,48,5,2,4,21%,21%,10%,5%,8%
Dresses,Willow & clay,Silver,Formal,S,4833,581,31,4,14,2,2,2,12%,12%,17%,17%,17%
Dresses,Willow & clay,Silver,Formal,XL,14089,2772,89,18,43,7,7,1,20%,20%,17%,17%,3%
Dresses,Wyatt,Red,Day,L,3509,709,21,4,21,1,9,0,20%,20%,6%,41%,0%
Dresses,Wyatt,Red,Day,M,1827,588,11,0,6,0,2,0,32%,0%,0%,42%,0%
Dresses,Wyatt,Red,Day,S,855,47,5,0,2,0,0,0,5%,0%,0%,0%,0%
Dresses,Wyatt,Red,Day,XL,2699,120,16,0,8,0,4,0,4%,0%,0%,45%,0%
Dresses,Wyatt,Multi,Formal,L,1097,231,7,1,14,0,2,0,21%,21%,0%,18%,0%
Dresses,Yoana,Blue,Formal,M,1158,409,6,2,11,1,0,0,35%,35%,11%,0%,0%
Dresses,Yoana,Blue,Formal,M,2114,1167,11,6,9,0,1,1,55%,55%,0%,13%,13%
Dresses,Anne Klein,White,Day,M,297,17,3,0,7,0,0,1,6%,0%,0%,0%,19%
Dresses,Betsy & Adam,Red,Formal,L,1013,610,6,4,9,0,0,0,60%,60%,0%,0%,0%
Dresses,Betsy & Adam,Red,Formal,M,679,172,4,1,7,1,0,0,25%,25%,18%,0%,0%
Dresses,Betsy & Adam,Red,Formal,S,1218,911,7,0,11,0,0,1,75%,0%,0%,0%,12%
Dresses,Betsy & Adam,Grey,Day,S,2200,721,13,0,11,0,0,2,33%,0%,0%,0%,22%
Dresses,Betsy & Adam,Grey,Day,XL,898,166,5,1,7,0,0,0,19%,19%,0%,0%,0%
Dresses,Betsy & Adam,Black,Work,L,1683,465,10,3,5,1,0,0,28%,28%,27%,0%,0%
Dresses,Betsy & Adam,Black,Work,M,564,211,3,1,2,0,0,0,37%,37%,0%,0%,0%
Dresses,Betsy & Adam,Black,Work,S,3956,1306,23,7,21,0,0,2,33%,33%,0%,0%,12%
Dresses,Betsy & Adam,Black,Work,XL,2161,640,12,4,6,0,2,1,30%,30%,0%,44%,22%
Dresses,Betsy & Adam,Black,Evening,L,10310,2041,62,12,37,4,7,1,20%,20%,10%,20%,3%
Dresses,Betsy & Adam,Black,Evening,M,1257,216,8,1,13,1,0,0,17%,17%,9%,0%,0%
Dresses,Betsy & Adam,Black,Evening,S,635,38,4,0,5,0,0,1,6%,0%,0%,0%,27%
Dresses,Betsy & Adam,Black,Evening,XL,4468,994,27,6,15,7,2,1,22%,22%,50%,17%,8%
Dresses,Betsy & Adam,Black,Day,L,19549,6437,118,39,68,23,9,2,33%,33%,35%,13%,4%
Dresses,Betsy & Adam,Black,Day,M,19589,6380,119,39,54,18,14,0,33%,33%,34%,25%,0%
Dresses,Betsy & Adam,Black,Day,S,10000,2513,61,15,28,4,0,10,25%,25%,13%,0%,35%
Dresses,Betsy & Adam,Black,Day,XL,11796,2290,71,14,46,5,22,0,19%,19%,11%,49%,0%
Dresses,Betsy & Adam,Black,Formal,L,4091,2198,25,13,14,2,0,2,54%,54%,18%,0%,18%
Dresses,Betsy & Adam,Black,Formal,M,6690,1697,41,10,23,4,1,1,25%,25%,16%,5%,5%
Dresses,Betsy & Adam,Black,Formal,S,7356,833,45,5,36,1,2,12,11%,11%,3%,7%,34%
Dresses,Betsy & Adam,Black,Formal,XL,1919,341,12,2,4,2,2,0,18%,18%,59%,59%,0%
Dresses,Betsy & Adam,Multi,Formal,M,4534,573,26,3,13,0,5,0,13%,13%,0%,37%,0%
Dresses,Betsy & Adam,Multi,Formal,XL,306,237,2,1,5,0,0,0,78%,78%,0%,0%,0%
Dresses,Betsy & Adam,Multi,Formal,M,683,297,4,0,2,0,0,0,44%,0%,0%,0%,0%
Dresses,Betsy & Adam,Silver,Formal,L,1191,891,7,5,11,0,0,0,75%,75%,0%,0%,0%
Dresses,Betsy & Adam,Silver,Formal,M,5348,779,31,4,15,1,2,1,15%,15%,8%,16%,8%
Dresses,Betsy & Adam,Silver,Formal,S,3787,1151,22,7,9,1,0,1,30%,30%,13%,0%,13%
Dresses,Betsy & Adam,Silver,Formal,XL,3821,387,22,2,15,2,2,1,10%,10%,17%,17%,8%
Dresses,Betsy & Adam,Silver,Day,L,8825,1188,53,7,25,1,4,1,13%,13%,5%,15%,5%
Dresses,Betsy & Adam,Silver,Day,M,4916,2102,30,13,18,5,4,1,43%,43%,28%,21%,7%
Dresses,Betsy & Adam,Silver,Day,S,9255,1309,56,8,36,2,2,9,14%,14%,7%,7%,24%
Dresses,Betsy & Adam,Silver,Day,XL,12420,1708,75,10,49,4,18,0,14%,14%,8%,38%,0%
Dresses,Betsy & Adam,Silver,Evening,L,5663,949,34,6,20,1,2,2,17%,17%,6%,12%,12%
Dresses,Betsy & Adam,Silver,Evening,M,7837,1666,47,10,26,4,6,0,21%,21%,14%,24%,0%
Dresses,Betsy & Adam,Silver,Evening,S,6729,986,41,6,15,0,0,7,15%,15%,0%,0%,48%
Dresses,Betsy & Adam,Silver,Evening,XL,5414,1937,33,12,12,2,6,0,36%,36%,20%,51%,0%
Dresses,Betsy & Adam,Silver,Work,L,757,191,5,1,11,1,0,0,25%,25%,11%,0%,0%
Dresses,Betsy & Adam,Silver,Work,S,1969,749,12,5,5,4,0,0,38%,38%,71%,0%,0%
Dresses,Betsy & Adam,Silver,Work,XL,1025,190,6,0,1,0,1,0,19%,0%,0%,92%,0%
Dresses,Betsy & Adam,Blue,Formal,L,16395,2436,99,15,64,6,6,6,15%,15%,10%,10%,10%
Dresses,Betsy & Adam,Blue,Formal,M,4015,701,24,4,20,0,2,0,17%,17%,0%,12%,0%
Dresses,Betsy & Adam,Blue,Formal,S,6727,1279,41,8,34,5,0,4,19%,19%,15%,0%,11%
Dresses,Betsy & Adam,Blue,Formal,XL,2554,1152,15,7,14,1,2,0,45%,45%,9%,17%,0%
Dresses,Betsy & Adam,Orange,Day,L,6710,859,41,5,23,1,6,1,13%,13%,5%,26%,5%
Dresses,Betsy & Adam,Orange,Day,M,8228,1071,50,6,29,5,9,0,13%,13%,17%,29%,0%
Dresses,Betsy & Adam,Orange,Day,S,1414,294,9,2,8,0,0,1,21%,21%,0%,0%,16%
Dresses,Betsy & Adam,Orange,Day,XL,818,449,5,3,8,1,0,0,55%,55%,15%,0%,0%
Dresses,Betsy & Adam,Orange,Formal,L,11130,1904,67,12,31,4,5,6,17%,17%,12%,16%,20%
Dresses,Betsy & Adam,Orange,Formal,M,10972,2036,66,12,46,6,6,1,19%,19%,13%,13%,3%
Dresses,Betsy & Adam,Orange,Formal,S,5702,1112,35,7,12,0,0,1,19%,19%,0%,0%,10%
Dresses,Betsy & Adam,Orange,Formal,XL,6188,1338,38,8,23,4,2,2,22%,22%,16%,11%,11%
Dresses,Darren,Red,Formal,L,503,37,4,0,5,0,0,0,7%,0%,0%,0%,0%
Dresses,Darren,Red,Day,L,1936,950,17,8,13,1,0,0,49%,49%,9%,0%,0%
Dresses,Darren,Red,Day,M,711,546,6,0,4,0,0,1,77%,0%,0%,0%,28%
Dresses,Darren,Red,Day,XL,544,356,5,3,5,0,0,0,65%,65%,0%,0%,0%
Dresses,Darren,Red,Work,L,757,131,7,1,7,0,0,1,17%,17%,0%,0%,17%
Dresses,Darren,Red,Work,M,3901,685,34,6,28,2,1,2,18%,18%,9%,4%,9%
Dresses,Darren,Red,Work,S,3108,1201,27,10,20,0,1,1,39%,39%,0%,6%,6%